№,,Наименование продукта,,,,Ед. изм.,Брутто в ед. изм.,,"Вес брутто, кг",," Вес нетто или п/ф, кг",,"Вес готового продукта, кг",Технология приготовления,,,,
Вишневый пирог,,,,,,,,,,,,,,,,,,
Технологическая карта № 19104197568923629979,,,,,,,,,,,,Название на чеке:,,,,,,
,,,,,,,,,,,,Вишневый пирог,,,,,,
 24.08.2022,,,,,,,,,,,,,,,,,,
Область применения:,,,,,Любимая пекарня,,,,,,,,,,,,,
Хранение:,,,,,,,,,,,,,,,,,,
Срок Хранения:,,,,,,,,,,,,,,,,,,
Органолептические показатели:,,,,,,,,,,,,,,,,,,
,,,,,,,,,,,,,,,,,,
№,,Наименование продукта,,,,Ед. изм.,Брутто в ед. изм.,,"Вес брутто, кг",," Вес нетто или п/ф, кг",,"Вес готового продукта, кг",Технология приготовления,,,,
1,Вишневый пирог,Тесто Сдобное п/ф,,,,кг,"0,540",,"0,540",,"  0,5400 ",,"0,540","
ТРЕБОВАНИЯ К ОФОРМЛЕНИЮ, ПОДАЧЕ И РЕАЛИЗАЦИИ",,,,
2,Вишневый пирог,МУКА ПШЕНИЧНАЯ 1C,,,,кг,"0,010",,"0,010",,"  0,0100 ",,"0,010",,,,,
3,Вишневый пирог,Меланж (битое яйцо 10 шт),,,,кг,"0,010",,"0,010",,"  0,0100 ",,"0,010",,,,,
4,Вишневый пирог,"МАСЛО РАСТИТЕЛЬНОЕ (РАФ) 4,5л",,,,шт,"0,001",,"0,004",,"  0,0040 ",,"0,000",,,,,
5,Вишневый пирог,"МАСЛО РАСТИТЕЛЬНОЕ (РАФ) 4,5л",,,,шт,"0,001",,"0,004",,"  0,0040 ",,"0,000",,,,,
6,Вишневый пирог,Начинка вишневая для пирожков,,,,кг,"0,500",,"0,500",,"  0,5000 ",,"0,500",,,,,
7,Вишневый пирог,Сироп для пропитки,,,,кг,"0,010",,"0,010",,"  0,0100 ",,"0,010",,,,,
8,Вишневый пирог,ПАКЕТЫ-МАЙКА  (500 шт),,,,шт,"2,000",,"0,000",,  -   ,,"0,000",,,,,
ИТОГО,,,,,,,,,,,,,,,,,,
вес готового блюда (изделия) в расчете на,,,,,,,,,,"2,000 порц",,,,,,,,
,,,,,,,,,,,,,,,,,"1,0700",кг
,,,,,,,,,,,,,,,,,,
,,,,,,,,,,,,,,,,,,
,,,,,,,,,,,,,,,,,,
,Система автоматизации ресторанов iikoRMS,,,,,,,,,,,,,,,,,
,,,,,,,,,,,,,,,,,,
Мясной пирог по-Татарски,,,,,,,,,,,,,,,,,,
Технологическая карта № 191041975688696,,,,,,,,,,,,Название на чеке:,,,,,,
,,,,,,,,,,,,Мясной пирог по-Татарски,,,,,,
 27.01.2023,,,,,,,,,,,,,,,,,,
Область применения:,,,,,Любимая пекарня,,,,,,,,,,,,,
Хранение:,,,,,,,,,,,,,,,,,,
Срок Хранения:,,,,,,,,,,,,,,,,,,
Органолептические показатели:,,,,,,,,,,,,,,,,,,
,,,,,,,,,,,,,,,,,,
1,Мясной пирог по-Татарски,Тесто арбатское п/ф,,,,кг,"0,270",,"0,270",,"  0,2700 ",,"0,250","
ТРЕБОВАНИЯ К ОФОРМЛЕНИЮ, ПОДАЧЕ И РЕАЛИЗАЦИИ",,,,
2,Мясной пирог по-Татарски,МУКА ПШЕНИЧНАЯ 1C,,,,кг,"0,005",,"0,005",,"  0,0050 ",,"0,000",,,,,
3,Мясной пирог по-Татарски,"МАСЛО РАСТИТЕЛЬНОЕ (РАФ) 4,5л",,,,шт,"0,000",,"0,002",,"  0,0020 ",,"0,000",,,,,
4,Мясной пирог по-Татарски,Фарш говяжий с картофелем кубиками п/ф 1 кг,,,,кг,"0,250",,"0,250",,"  0,2500 ",,"0,250",,,,,
5,Мясной пирог по-Татарски,"МАСЛО РАСТИТЕЛЬНОЕ (РАФ) 4,5л",,,,шт,"0,000",,"0,002",,"  0,0020 ",,"0,000",,,,,
6,Мясной пирог по-Татарски,Меланж (битое яйцо 10 шт),,,,кг,"0,004",,"0,004",,"  0,0040 ",,"0,000",,,,,
7,Мясной пирог по-Татарски,ПАКЕТЫ-МАЙКА  (500 шт),,,,шт,"1,000",,"0,000",,  -   ,,"0,000",,,,,
8,Мясной пирог по-Татарски,СОЛЬ,,,,кг,"0,004",,"0,004",,"  0,0040 ",,"0,000",,,,,
9,Мясной пирог по-Татарски,ПЕРЕЦ ЧЕРНЫЙ МОЛОТЫЙ,,,,кг,"0,002",,"0,002",,"  0,0020 ",,"0,000",,,,,
10,Мясной пирог по-Татарски,МАРГАРИН,,,,кг,"0,015",,"0,015",,"  0,0150 ",,"0,000",,,,,
ИТОГО,,,,,,,,,,,,,,,,,,
вес готового блюда (изделия) в расчете на,,,,,,,,,,"1,000 порц",,,,,,,,
,,,,,,,,,,,,,,,,,"0,5000",кг
,,,,,,,,,,,,,,,,,,
,,,,,,,,,,,,,,,,,,
,,,,,,,,,,,,,,,,,,
,Система автоматизации ресторанов iikoRMS,,,,,,,,,,,,,,,,,
,,,,,,,,,,,,,,,,,,
Пирог капустный,,,,,,,,,,,,,,,,,,
Технологическая карта № 191041975688697,,,,,,,,,,,,Название на чеке:,,,,,,
,,,,,,,,,,,,Пирог капустный,,,,,,
 24.08.2022,,,,,,,,,,,,,,,,,,
Область применения:,,,,,Любимая пекарня,,,,,,,,,,,,,
Хранение:,,,,,,,,,,,,,,,,,,
Срок Хранения:,,,,,,,,,,,,,,,,,,
Органолептические показатели:,,,,,,,,,,,,,,,,,,
,,,,,,,,,,,,,,,,,,
1,Пирог капустный,Тесто арбатское п/ф,,,,кг,"0,270",,"0,270",,"  0,2700 ",,"0,260","
ТРЕБОВАНИЯ К ОФОРМЛЕНИЮ, ПОДАЧЕ И РЕАЛИЗАЦИИ",,,,
2,Пирог капустный,МУКА ПШЕНИЧНАЯ 1C,,,,кг,"0,005",,"0,005",,"  0,0050 ",,"0,000",,,,,
3,Пирог капустный,Меланж (битое яйцо 10 шт),,,,кг,"0,004",,"0,004",,"  0,0040 ",,"0,000",,,,,
4,Пирог капустный,"МАСЛО РАСТИТЕЛЬНОЕ (РАФ) 4,5л",,,,шт,"0,000",,"0,002",,"  0,0020 ",,"0,000",,,,,
5,Пирог капустный,"МАСЛО РАСТИТЕЛЬНОЕ (РАФ) 4,5л",,,,шт,"0,000",,"0,002",,"  0,0020 ",,"0,000",,,,,
6,Пирог капустный,фарш капуста/лук на пирожки  п/ф 1 кг,,,,кг,"0,250",,"0,250",,"  0,2500 ",,"0,240",,,,,
7,Пирог капустный,ПАКЕТЫ-МАЙКА  (500 шт),,,,шт,"1,000",,"0,000",,  -   ,,"0,000",,,,,
ИТОГО,,,,,,,,,,,,,,,,,,
вес готового блюда (изделия) в расчете на,,,,,,,,,,"1,000 порц",,,,,,,,
,,,,,,,,,,,,,,,,,"0,5000",кг
,,,,,,,,,,,,,,,,,,
,,,,,,,,,,,,,,,,,,
,,,,,,,,,,,,,,,,,,
,Система автоматизации ресторанов iikoRMS,,,,,,,,,,,,,,,,,
,,,,,,,,,,,,,,,,,,
Пирог курица грибы картофель,,,,,,,,,,,,,,,,,,
Технологическая карта № 19104197568923641060,,,,,,,,,,,,Название на чеке:,,,,,,
,,,,,,,,,,,,Пирог курица грибы картофель,,,,,,
 25.01.2023,,,,,,,,,,,,,,,,,,
Область применения:,,,,,Любимая пекарня,,,,,,,,,,,,,
Хранение:,,,,,,,,,,,,,,,,,,
Срок Хранения:,,,,,,,,,,,,,,,,,,
Органолептические показатели:,,,,,,,,,,,,,,,,,,
,,,,,,,,,,,,,,,,,,
1,Пирог курица грибы картофель,Тесто арбатское п/ф,,,,кг,"0,270",,"0,270",,"  0,2700 ",,"0,260","
ТРЕБОВАНИЯ К ОФОРМЛЕНИЮ, ПОДАЧЕ И РЕАЛИЗАЦИИ",,,,
2,Пирог курица грибы картофель,Начинка пирог курица+картошка+грибы+лук,,,,кг,"0,300",,"0,300",,"  0,3000 ",,"0,300",,,,,
3,Пирог курица грибы картофель,"МАСЛО РАСТИТЕЛЬНОЕ (РАФ) 4,5л",,,,шт,"0,001",,"0,004",,"  0,0040 ",,"0,000",,,,,
4,Пирог курица грибы картофель,Меланж (битое яйцо 10 шт),,,,кг,"0,004",,"0,004",,"  0,0040 ",,"0,000",,,,,
5,Пирог курица грибы картофель,ПАКЕТЫ-МАЙКА  (500 шт),,,,шт,"1,000",,"0,000",,  -   ,,"0,000",,,,,
6,Пирог курица грибы картофель,СОЛЬ,,,,кг,"0,005",,"0,005",,"  0,0050 ",,"0,000",,,,,
7,Пирог курица грибы картофель,ПЕРЕЦ ЧЕРНЫЙ МОЛОТЫЙ,,,,кг,"0,001",,"0,001",,"  0,0010 ",,"0,000",,,,,
8,Пирог курица грибы картофель,МАРГАРИН,,,,кг,"0,015",,"0,015",,"  0,0150 ",,"0,000",,,,,
ИТОГО,,,,,,,,,,,,,,,,,,
вес готового блюда (изделия) в расчете на,,,,,,,,,,"1,000 порц",,,,,,,,
,,,,,,,,,,,,,,,,,"0,5600",кг
,,,,,,,,,,,,,,,,,,
,,,,,,,,,,,,,,,,,,
,,,,,,,,,,,,,,,,,,
,Система автоматизации ресторанов iikoRMS,,,,,,,,,,,,,,,,,
,,,,,,,,,,,,,,,,,,
Пирог Рыбный,,,,,,,,,,,,,,,,,,
Технологическая карта № 19104197568923640807,,,,,,,,,,,,Название на чеке:,,,,,,
,,,,,,,,,,,,Пирог Рыбный,,,,,,
 19.03.2022,,,,,,,,,,,,,,,,,,
Область применения:,,,,,Любимая пекарня,,,,,,,,,,,,,
Хранение:,,,,,,,,,,,,,,,,,,
Срок Хранения:,,,,,,,,,,,,,,,,,,
Органолептические показатели:,,,,,,,,,,,,,,,,,,
,,,,,,,,,,,,,,,,,,
1,Пирог Рыбный,Тесто арбатское п/ф,,,,кг,"0,270",,"0,270",,"  0,2700 ",,"0,270","
ТРЕБОВАНИЯ К ОФОРМЛЕНИЮ, ПОДАЧЕ И РЕАЛИЗАЦИИ",,,,
2,Пирог Рыбный,МУКА ПШЕНИЧНАЯ 1C,,,,кг,"0,005",,"0,005",,"  0,0050 ",,"0,005",,,,,
3,Пирог Рыбный,"МАСЛО РАСТИТЕЛЬНОЕ (РАФ) 4,5л",,,,шт,"0,002",,"0,009",,"  0,0090 ",,"0,009",,,,,
4,Пирог Рыбный,фарш рыбный на пирожки (семга+рис+лук)  п/ф 1 кг,,,,кг,"0,250",,"0,250",,"  0,2500 ",,"0,250",,,,,
5,Пирог Рыбный,Меланж (битое яйцо 10 шт),,,,кг,"0,004",,"0,004",,"  0,0040 ",,"0,004",,,,,
,,,,,,,,,,,,,,,,,,
ИТОГО,,,,,,,,,,,,,,,,,,
вес готового блюда (изделия) в расчете на,,,,,,,,,,"1,000 порц",,,,,,,,
,,,,,,,,,,,,,,,,,"0,5380",кг
,,,,,,,,,,,,,,,,,,
,,,,,,,,,,,,,,,,,,
,,,,,,,,,,,,,,,,,,
,Система автоматизации ресторанов iikoRMS,,,,,,,,,,,,,,,,,
,,,,,,,,,,,,,,,,,,
Пирог с капустой и яйцом,,,,,,,,,,,,,,,,,,
Технологическая карта № 19104197568923629359,,,,,,,,,,,,Название на чеке:,,,,,,
,,,,,,,,,,,,Пирог с капустой и яйцом,,,,,,
 01.09.2022,,,,,,,,,,,,,,,,,,
Область применения:,,,,,Любимая пекарня,,,,,,,,,,,,,
Хранение:,,,,,,,,,,,,,,,,,,
Срок Хранения:,,,,,,,,,,,,,,,,,,
Органолептические показатели:,,,,,,,,,,,,,,,,,,
,,,,,,,,,,,,,,,,,,
1,Пирог с капустой и яйцом,Тесто арбатское п/ф,,,,кг,"0,270",,"0,270",,"  0,2700 ",,"0,250","Технология приготовления
Формовка: Тесто делить на заготовки массой 270 гр. Заготовку разделить на 2 части: 200 гр нижний слой, 70 гр верхний слой пирога. Раскатать нижний слой толщиной 0,7-0,8 см прямоугольной формы, выложить равномерно мясо-капустный фарш 250 гр. Накрыть верхним слоем и защипать шажком. Придать форму прямоугольника . Поместить на верхнюю корочку изделия 1 цветок и 1 листик .  Тестовые заготовки укладывать на смазанный маслом плоский алюминиевый лист размеры 600х400 мм по 6 шт (3 вдоль листа х 2 поперек листа), расстояние между заготовками 2-3 см, поставить в расстойку.                                           
Расстойка Расстоечный шкаф GrillMaster: Выставить регулятор температуры в положение 50. Воду в поддон наливать каждые 3 часа. Использовать проточную воду t=+20…+25°c. Время расстойки 30-35 мин
Расстойка Расстоечный шкаф Восход: Выставить регулятор температуры в положение 60. Воду в поддон наливать каждые 3 часа. Использовать проточную воду t=+20…+25°c. Время расстойки 30-35 мин
Расстойка Расстоечный шкаф Convito: Выставить регулятор Temperature control of water в положение 50°c, Temperature control of air в положение 50°c. Воду в поддон наливать каждые 3 часа. Использовать проточную воду t=+20…+25°c. Время расстойки 30-35 мин
Выпечка Печь конвекционная: Перед выпечкой смазать расстоявшиеся заготовки меланжем. Выпекать при t=190°c время выпечки 25-30 мин. После выпечки смазать изделие маргарином. Убрать лист с готовой продукцией на стеллаж (шпилька).





ТРЕБОВАНИЯ К ОФОРМЛЕНИЮ, ПОДАЧЕ И РЕАЛИЗАЦИИ",,,,
2,Пирог с капустой и яйцом,МУКА ПШЕНИЧНАЯ 1C,,,,кг,"0,005",,"0,005",,"  0,0050 ",,"0,000",,,,,
3,Пирог с капустой и яйцом,"МАСЛО РАСТИТЕЛЬНОЕ (РАФ) 4,5л",,,,шт,"0,000",,"0,002",,"  0,0020 ",,"0,000",,,,,
4,Пирог с капустой и яйцом,фарш капуста/яйцо на пирожки  п/ф 1 кг,,,,кг,"0,250",,"0,250",,"  0,2500 ",,"0,250",,,,,
5,Пирог с капустой и яйцом,Меланж (битое яйцо 10 шт),,,,кг,"0,004",,"0,004",,  -   ,,"0,000",,,,,
6,Пирог с капустой и яйцом,"МАСЛО РАСТИТЕЛЬНОЕ (РАФ) 4,5л",,,,шт,"0,000",,"0,002",,"  0,0020 ",,"0,000",,,,,
7,Пирог с капустой и яйцом,ПАКЕТЫ-МАЙКА  (500 шт),,,,шт,"1,000",,"0,000",,  -   ,,"0,000",,,,,
8,Пирог с капустой и яйцом,СОЛЬ,,,,кг,"0,004",,"0,004",,  -   ,,"0,000",,,,,
9,Пирог с капустой и яйцом,ПЕРЕЦ ЧЕРНЫЙ МОЛОТЫЙ,,,,кг,"0,002",,"0,002",,  -   ,,"0,000",,,,,
10,,,,,,,,,,, ,,,,,,,
11,,,,,,,,,,, ,,,,,,,
12,,,,,,,,,,, ,,,,,,,
13,,,,,,,,,,, ,,,,,,,
14,,,,,,,,,,, ,,,,,,,
15,,,,,,,,,,, ,,,,,,,
16,,,,,,,,,,, ,,,,,,,
17,,,,,,,,,,, ,,,,,,,
18,,,,,,,,,,, ,,,,,,,
19,,,,,,,,,,, ,,,,,,,
20,,,,,,,,,,, ,,,,,,,
21,,,,,,,,,,, ,,,,,,,
22,,,,,,,,,,, ,,,,,,,
ИТОГО,,,,,,,,,,,,,,,,,,
вес готового блюда (изделия) в расчете на,,,,,,,,,,"1,000 порц",,,,,,,,
,,,,,,,,,,,,,,,,,"0,5000",кг
,,,,,,,,,,,,,,,,,,
,,,,,,,,,,,,,,,,,,
,,,,,,,,,,,,,,,,,,
,Система автоматизации ресторанов iikoRMS,,,,,,,,,,,,,,,,,
,,,,,,,,,,,,,,,,,,
Пирог с курицей и картофелем,,,,,,,,,,,,,,,,,,
Технологическая карта № 19104197568923629378,,,,,,,,,,,,Название на чеке:,,,,,,
,,,,,,,,,,,,Пирог с курицей и картофелем,,,,,,
 27.01.2023,,,,,,,,,,,,,,,,,,
Область применения:,,,,,Любимая пекарня,,,,,,,,,,,,,
Хранение:,,,,,,,,,,,,,,,,,,
Срок Хранения:,,,,,,,,,,,,,,,,,,
Органолептические показатели:,,,,,,,,,,,,,,,,,,
,,,,,,,,,,,,,,,,,,
1,Пирог с курицей и картофелем,Тесто арбатское п/ф,,,,кг,"0,270",,"0,270",,"  0,2700 ",,"0,260","
ТРЕБОВАНИЯ К ОФОРМЛЕНИЮ, ПОДАЧЕ И РЕАЛИЗАЦИИ",,,,
2,Пирог с курицей и картофелем,Фарш Элеш п/ф 1 кг (курица+картофель),,,,кг,"0,250",,"0,250",,"  0,2500 ",,"0,240",,,,,
3,Пирог с курицей и картофелем,"МАСЛО РАСТИТЕЛЬНОЕ (РАФ) 4,5л",,,,шт,"0,001",,"0,004",,"  0,0040 ",,"0,000",,,,,
4,Пирог с курицей и картофелем,Меланж (битое яйцо 10 шт),,,,кг,"0,004",,"0,004",,"  0,0040 ",,"0,000",,,,,
5,Пирог с курицей и картофелем,ПАКЕТЫ-МАЙКА  (500 шт),,,,шт,"1,000",,"0,000",,  -   ,,"0,000",,,,,
6,Пирог с курицей и картофелем,МАРГАРИН,,,,кг,"0,015",,"0,015",,"  0,0150 ",,"0,000",,,,,
ИТОГО,,,,,,,,,,,,,,,,,,
вес готового блюда (изделия) в расчете на,,,,,,,,,,"1,000 порц",,,,,,,,
,,,,,,,,,,,,,,,,,"0,5000",кг
,,,,,,,,,,,,,,,,,,
,,,,,,,,,,,,,,,,,,
,,,,,,,,,,,,,,,,,,
,Система автоматизации ресторанов iikoRMS,,,,,,,,,,,,,,,,,
,,,,,,,,,,,,,,,,,,
Пирог с мясом и картофелем,,,,,,,,,,,,,,,,,,
Технологическая карта № 191041975688680,,,,,,,,,,,,Название на чеке:,,,,,,
,,,,,,,,,,,,Пирог с мясом и картофелем,,,,,,
 01.09.2022,,,,,,,,,,,,,,,,,,
Область применения:,,,,,Любимая пекарня,,,,,,,,,,,,,
Хранение:,,,,,,,,,,,,,,,,,,
Срок Хранения:,,,,,,,,,,,,,,,,,,
Органолептические показатели:,,,,,,,,,,,,,,,,,,
,,,,,,,,,,,,,,,,,,
1,Пирог с мясом и картофелем,Тесто арбатское п/ф,,,,кг,"0,540",,"0,540",,"  0,5400 ",,"0,500","
ТРЕБОВАНИЯ К ОФОРМЛЕНИЮ, ПОДАЧЕ И РЕАЛИЗАЦИИ",,,,
2,Пирог с мясом и картофелем,МУКА ПШЕНИЧНАЯ 1C,,,,кг,"0,009",,"0,009",,  -   ,,"0,000",,,,,
3,Пирог с мясом и картофелем,Меланж (битое яйцо 10 шт),,,,кг,"0,008",,"0,008",,  -   ,,"0,000",,,,,
4,Пирог с мясом и картофелем,"МАСЛО РАСТИТЕЛЬНОЕ (РАФ) 4,5л",,,,шт,"0,001",,"0,005",,"  0,0050 ",,"0,000",,,,,
5,Пирог с мясом и картофелем,Начинка для пирога с мясом и картофелем,,,,кг,"0,500",,"0,500",,"  0,5000 ",,"0,500",,,,,
6,Пирог с мясом и картофелем,ПАКЕТЫ-МАЙКА  (500 шт),,,,шт,"2,000",,"0,000",,  -   ,,"0,000",,,,,
ИТОГО,,,,,,,,,,,,,,,,,,
вес готового блюда (изделия) в расчете на,,,,,,,,,,"2,000 порц",,,,,,,,
,,,,,,,,,,,,,,,,,"1,0000",кг
,,,,,,,,,,,,,,,,,,
,,,,,,,,,,,,,,,,,,
,,,,,,,,,,,,,,,,,,
,Система автоматизации ресторанов iikoRMS,,,,,,,,,,,,,,,,,
,,,,,,,,,,,,,,,,,,
Пирог со смородиной,,,,,,,,,,,,,,,,,,
Технологическая карта № 19104197568923629437,,,,,,,,,,,,Название на чеке:,,,,,,
,,,,,,,,,,,,Пирог со смородиной,,,,,,
 24.08.2022,,,,,,,,,,,,,,,,,,
Область применения:,,,,,Любимая пекарня,,,,,,,,,,,,,
Хранение:,,,,,,,,,,,,,,,,,,
Срок Хранения:,,,,,,,,,,,,,,,,,,
Органолептические показатели:,,,,,,,,,,,,,,,,,,
,,,,,,,,,,,,,,,,,,
1,Пирог со смородиной,Тесто Сдобное п/ф,,,,кг,"0,540",,"0,540",,"  0,5400 ",,"0,540","
ТРЕБОВАНИЯ К ОФОРМЛЕНИЮ, ПОДАЧЕ И РЕАЛИЗАЦИИ",,,,
2,Пирог со смородиной,МУКА ПШЕНИЧНАЯ 1C,,,,кг,"0,010",,"0,010",,"  0,0100 ",,"0,010",,,,,
3,Пирог со смородиной,Меланж (битое яйцо 10 шт),,,,кг,"0,010",,"0,010",,"  0,0100 ",,"0,010",,,,,
4,Пирог со смородиной,"МАСЛО РАСТИТЕЛЬНОЕ (РАФ) 4,5л",,,,шт,"0,001",,"0,004",,"  0,0040 ",,"0,000",,,,,
5,Пирог со смородиной,"МАСЛО РАСТИТЕЛЬНОЕ (РАФ) 4,5л",,,,шт,"0,001",,"0,004",,"  0,0040 ",,"0,000",,,,,
6,Пирог со смородиной,Начинка для пирожков (смородина) 1 кг,,,,кг,"0,500",,"0,500",,"  0,5000 ",,"0,500",,,,,
7,Пирог со смородиной,Сироп для пропитки,,,,кг,"0,010",,"0,010",,"  0,0100 ",,"0,010",,,,,
8,Пирог со смородиной,ПАКЕТЫ-МАЙКА  (500 шт),,,,шт,"2,000",,"0,000",,  -   ,,"0,000",,,,,
ИТОГО,,,,,,,,,,,,,,,,,,
вес готового блюда (изделия) в расчете на,,,,,,,,,,"2,000 порц",,,,,,,,
,,,,,,,,,,,,,,,,,"1,0700",кг
,,,,,,,,,,,,,,,,,,
,,,,,,,,,,,,,,,,,,
,,,,,,,,,,,,,,,,,,
,Система автоматизации ресторанов iikoRMS,,,,,,,,,,,,,,,,,
,,,,,,,,,,,,,,,,,,
Пирог яблочный,,,,,,,,,,,,,,,,,,
Технологическая карта № 19104197568923629467,,,,,,,,,,,,Название на чеке:,,,,,,
,,,,,,,,,,,,Пирог яблочный,,,,,,
 01.09.2022,,,,,,,,,,,,,,,,,,
Область применения:,,,,,Любимая пекарня,,,,,,,,,,,,,
Хранение:,,,,,,,,,,,,,,,,,,
Срок Хранения:,,,,,,,,,,,,,,,,,,
Органолептические показатели:,,,,,,,,,,,,,,,,,,
,,,,,,,,,,,,,,,,,,
1,Пирог яблочный,Тесто Сдобное п/ф,,,,кг,"0,540",,"0,540",,"  0,5400 ",,"0,540","
ТРЕБОВАНИЯ К ОФОРМЛЕНИЮ, ПОДАЧЕ И РЕАЛИЗАЦИИ",,,,
2,Пирог яблочный,фарш яблочный п/ф 1 кг,,,,кг,"0,500",,"0,500",,"  0,5000 ",,"0,500",,,,,
3,Пирог яблочный,"МАСЛО РАСТИТЕЛЬНОЕ (РАФ) 4,5л",,,,шт,"0,001",,"0,004",,"  0,0040 ",,"0,000",,,,,
4,Пирог яблочный,Меланж (битое яйцо 10 шт),,,,кг,"0,008",,"0,008",,"  0,0080 ",,"0,000",,,,,
5,Пирог яблочный,Сироп для пропитки,,,,кг,"0,010",,"0,010",,"  0,0100 ",,"0,000",,,,,
6,Пирог яблочный,ПАКЕТЫ-МАЙКА  (500 шт),,,,шт,"2,000",,"0,000",,  -   ,,"0,000",,,,,
ИТОГО,,,,,,,,,,,,,,,,,,
вес готового блюда (изделия) в расчете на,,,,,,,,,,"2,000 порц",,,,,,,,
,,,,,,,,,,,,,,,,,"1,0400",кг
,,,,,,,,,,,,,,,,,,
,,,,,,,,,,,,,,,,,,
,,,,,,,,,,,,,,,,,,
,Система автоматизации ресторанов iikoRMS,,,,,,,,,,,,,,,,,
,,,,,,,,,,,,,,,,,,
Пирог яблочный с корицей,,,,,,,,,,,,,,,,,,
Технологическая карта № 19104197568923629379,,,,,,,,,,,,Название на чеке:,,,,,,
,,,,,,,,,,,,Пирог яблочный с корицей,,,,,,
 24.08.2022,,,,,,,,,,,,,,,,,,
Область применения:,,,,,Любимая пекарня,,,,,,,,,,,,,
Хранение:,,,,,,,,,,,,,,,,,,
Срок Хранения:,,,,,,,,,,,,,,,,,,
Органолептические показатели:,,,,,,,,,,,,,,,,,,
,,,,,,,,,,,,,,,,,,
1,Пирог яблочный с корицей,Тесто Сдобное п/ф,,,,кг,"0,540",,"0,540",,"  0,5400 ",,"0,540","
ТРЕБОВАНИЯ К ОФОРМЛЕНИЮ, ПОДАЧЕ И РЕАЛИЗАЦИИ",,,,
2,Пирог яблочный с корицей,КОРИЦА МОЛОТАЯ,,,,кг,"0,010",,"0,010",,"  0,0100 ",,"0,000",,,,,
3,Пирог яблочный с корицей,фарш яблочный п/ф 1 кг,,,,кг,"0,500",,"0,500",,"  0,5000 ",,"0,500",,,,,
4,Пирог яблочный с корицей,"МАСЛО РАСТИТЕЛЬНОЕ (РАФ) 4,5л",,,,шт,"0,001",,"0,004",,"  0,0040 ",,"0,000",,,,,
5,Пирог яблочный с корицей,Меланж (битое яйцо 10 шт),,,,кг,"0,008",,"0,008",,"  0,0080 ",,"0,008",,,,,
6,Пирог яблочный с корицей,Сироп для пропитки,,,,кг,"0,010",,"0,010",,"  0,0100 ",,"0,010",,,,,
7,Пирог яблочный с корицей,ПАКЕТЫ-МАЙКА  (500 шт),,,,шт,"2,000",,"0,000",,  -   ,,"0,000",,,,,
ИТОГО,,,,,,,,,,,,,,,,,,
вес готового блюда (изделия) в расчете на,,,,,,,,,,"2,000 порц",,,,,,,,
,,,,,,,,,,,,,,,,,"1,0580",кг
,,,,,,,,,,,,,,,,,,
,,,,,,,,,,,,,,,,,,
,,,,,,,,,,,,,,,,,,
,Система автоматизации ресторанов iikoRMS,,,,,,,,,,,,,,,,,
,,,,,,,,,,,,,,,,,,
Рулет маковый,,,,,,,,,,,,,,,,,,
Технологическая карта № 19104197568923629470,,,,,,,,,,,,Название на чеке:,,,,,,
,,,,,,,,,,,,Рулет маковый,,,,,,
 24.08.2022,,,,,,,,,,,,,,,,,,
Область применения:,,,,,Любимая пекарня,,,,,,,,,,,,,
Хранение:,,,,,,,,,,,,,,,,,,
Срок Хранения:,,,,,,,,,,,,,,,,,,
Органолептические показатели:,,,,,,,,,,,,,,,,,,
,,,,,,,,,,,,,,,,,,
1,Рулет маковый,Тесто Сдобное п/ф,,,,кг,"0,250",,"0,250",,"  0,2500 ",,"0,225","
ТРЕБОВАНИЯ К ОФОРМЛЕНИЮ, ПОДАЧЕ И РЕАЛИЗАЦИИ",,,,
2,Рулет маковый,"НАЧИНКА МАКОВАЯ (готовая) 12,5",,,,кг,"0,100",,"0,100",,"  0,1000 ",,"0,080",,,,,
3,Рулет маковый,Меланж (битое яйцо 10 шт),,,,кг,"0,015",,"0,015",,"  0,0150 ",,"0,000",,,,,
4,Рулет маковый,Сироп для пропитки,,,,кг,"0,025",,"0,025",,"  0,0250 ",,"0,025",,,,,
5,Рулет маковый,"МАСЛО РАСТИТЕЛЬНОЕ (РАФ) 4,5л",,,,шт,"0,001",,"0,004",,"  0,0040 ",,"0,004",,,,,
6,Рулет маковый,ПАКЕТЫ-МАЙКА  (500 шт),,,,шт,"1,000",,"0,000",,  -   ,,"0,000",,,,,
ИТОГО,,,,,,,,,,,,,,,,,,
вес готового блюда (изделия) в расчете на,,,,,,,,,,"1,000 порц",,,,,,,,
,,,,,,,,,,,,,,,,,"0,3341",кг
,,,,,,,,,,,,,,,,,,
,,,,,,,,,,,,,,,,,,
,,,,,,,,,,,,,,,,,,
,Система автоматизации ресторанов iikoRMS,,,,,,,,,,,,,,,,,
,,,,,,,,,,,,,,,,,,
Сметанник,,,,,,,,,,,,,,,,,,
Технологическая карта № 191041975688707,,,,,,,,,,,,Название на чеке:,,,,,,
,,,,,,,,,,,,Сметанник,,,,,,
 24.08.2022,,,,,,,,,,,,,,,,,,
Область применения:,,,,,Любимая пекарня,,,,,,,,,,,,,
Хранение:,,,,,,,,,,,,,,,,,,
Срок Хранения:,,,,,,,,,,,,,,,,,,
Органолептические показатели:,,,,,,,,,,,,,,,,,,
,,,,,,,,,,,,,,,,,,
1,Сметанник,Тесто Сдобное п/ф,,,,кг,"0,160",,"0,160",,"  0,1600 ",,"0,147","Технология приготовления
Формовка: Тесто делить на заготовки массой 175 гр, округлить. Раскатать заготовки в пласт толщиной 0,7 - 0,8 см круглой формы и уложить в форму для запекания. Поднять края теста и сделать бортики высотой 2 см .Края бортиков   защипать.Залить начинку для сметанника 205 гр. Тестовые заготовки укладывать на плоский алюминиевый лист размеры 600х400 мм по 6 шт (3 вдоль листа х 2 поперек листа), расстояние между заготовками 3-4 см, поставить выпекаться.
Выпечка Печь конвекционная: Выпекать при t=180°c время выпечки 25-30 мин. Убрать лист с готовой продукцией на стеллаж (шпилька).Края припудрить сахарной пудрой.
Выпечка Печь подовая: Выпекать при t верхнего пода 180°c, нижнего пода 180°c время выпечки 30-35 мин. Убрать лист с готовой продукцией на стеллаж (шпилька). Края припудрить сахарной пудрой.




ТРЕБОВАНИЯ К ОФОРМЛЕНИЮ, ПОДАЧЕ И РЕАЛИЗАЦИИ",,,,
2,Сметанник,МУКА ПШЕНИЧНАЯ 1C,,,,кг,"0,005",,"0,005",,"  0,0050 ",,"0,000",,,,,
3,Сметанник,САХАРНАЯ ПУДРА,,,,кг,"0,003",,"0,003",,"  0,0030 ",,"0,000",,,,,
4,Сметанник,Начинка для сметанника  п/ф 1 кг,,,,кг,"0,205",,"0,205",,"  0,2050 ",,"0,205",,,,,
5,Сметанник,"МАСЛО РАСТИТЕЛЬНОЕ (РАФ) 4,5л",,,,шт,"0,001",,"0,005",,"  0,0050 ",,"0,000",,,,,
6,Сметанник,ПАКЕТЫ-МАЙКА  (500 шт),,,,шт,"1,000",,"0,000",,  -   ,,"0,000",,,,,
7,,,,,,,,,,, ,,,,,,,
8,,,,,,,,,,, ,,,,,,,
9,,,,,,,,,,, ,,,,,,,
10,,,,,,,,,,, ,,,,,,,
11,,,,,,,,,,, ,,,,,,,
12,,,,,,,,,,, ,,,,,,,
13,,,,,,,,,,, ,,,,,,,
14,,,,,,,,,,, ,,,,,,,
ИТОГО,,,,,,,,,,,,,,,,,,
вес готового блюда (изделия) в расчете на,,,,,,,,,,"1,000 порц",,,,,,,,
,,,,,,,,,,,,,,,,,"0,3524",кг
,,,,,,,,,,,,,,,,,,
,,,,,,,,,,,,,,,,,,
,,,,,,,,,,,,,,,,,,
,Система автоматизации ресторанов iikoRMS,,,,,,,,,,,,,,,,,
,,,,,,,,,,,,,,,,,,
Пирожок ржаной с грибами и картофелем,,,,,,,,,,,,,,,,,,
Технологическая карта № 19104197568923629603,,,,,,,,,,,,Название на чеке:,,,,,,
,,,,,,,,,,,,Пирожок ржаной с грибами и картофелем,,,,,,
 01.09.2022,,,,,,,,,,,,,,,,,,
Область применения:,,,,,Любимая пекарня,,,,,,,,,,,,,
Хранение:,,,,,,,,,,,,,,,,,,
Срок Хранения:,,,,,,,,,,,,,,,,,,
Органолептические показатели:,,,,,,,,,,,,,,,,,,
,,,,,,,,,,,,,,,,,,
,,,,,,,,,,,,,,,,,,
№,,Наименование продукта,,,,Ед. изм.,Брутто в ед. изм.,,"Вес брутто, кг",," Вес нетто или п/ф, кг",,"Вес готового продукта, кг",Технология приготовления,,,,
1,Пирожок ржаной с грибами и картофелем,Тесто ржаное пресное п/ф,,,,кг,"0,045",,"0,045",,"  0,0450 ",,"0,039","
ТРЕБОВАНИЯ К ОФОРМЛЕНИЮ, ПОДАЧЕ И РЕАЛИЗАЦИИ",,,,
2,Пирожок ржаной с грибами и картофелем,фарш картоф/грибы на пироги  п/ф 1 кг,,,,кг,"0,040",,"0,040",,"  0,0400 ",,"0,035",,,,,
3,Пирожок ржаной с грибами и картофелем,"МАСЛО РАСТИТЕЛЬНОЕ (РАФ) 4,5л",,,,шт,"0,000",,"0,002",,"  0,0020 ",,"0,000",,,,,
4,Пирожок ржаной с грибами и картофелем,МУКА ПШЕНИЧНАЯ 1C,,,,кг,"0,002",,"0,002",,"  0,0020 ",,"0,000",,,,,
5,Пирожок ржаной с грибами и картофелем,Пакеты отрывные (500шт),,,,шт,"1,000",,"0,000",,  -   ,,"0,000",,,,,
6,Пирожок ржаной с грибами и картофелем,СОЛЬ,,,,кг,"0,001",,"0,001",,"  0,0010 ",,"0,001",,,,,
7,Пирожок ржаной с грибами и картофелем,ПЕРЕЦ ЧЕРНЫЙ МОЛОТЫЙ,,,,кг,"0,001",,"0,001",,"  0,0010 ",,"0,001",,,,,
,,,,,,,,,,,,,,,,,,
ИТОГО,,,,,,,,,,,,,,,,,,
вес готового блюда (изделия) в расчете на,,,,,,,,,,"1,000 порц",,,,,,,,
,,,,,,,,,,,,,,,,,"0,0764",кг
,,,,,,,,,,,,,,,,,,
,,,,,,,,,,,,,,,,,,
,,,,,,,,,,,,,,,,,,
,Система автоматизации ресторанов iikoRMS,,,,,,,,,,,,,,,,,
,,,,,,,,,,,,,,,,,,
Пирожок ржаной с капустой,,,,,,,,,,,,,,,,,,
Технологическая карта № 19104197568923629911,,,,,,,,,,,,Название на чеке:,,,,,,
,,,,,,,,,,,,Пирожок ржаной с капустой,,,,,,
 01.03.2021,,,,,,,,,,,,,,,,,,
Область применения:,,,,,Любимая пекарня,,,,,,,,,,,,,
Хранение:,,,,,,,,,,,,,,,,,,
Срок Хранения:,,,,,,,,,,,,,,,,,,
Органолептические показатели:,,,,,,,,,,,,,,,,,,
,,,,,,,,,,,,,,,,,,
1,Пирожок ржаной с капустой,Тесто ржаное пресное п/ф,,,,кг,"0,045",,"0,045",,"  0,0450 ",,"0,045","
ТРЕБОВАНИЯ К ОФОРМЛЕНИЮ, ПОДАЧЕ И РЕАЛИЗАЦИИ",,,,
2,Пирожок ржаной с капустой,фарш капуста/лук на пирожки  п/ф 1 кг,,,,кг,"0,040",,"0,040",,"  0,0400 ",,"0,040",,,,,
3,Пирожок ржаной с капустой,"МАСЛО РАСТИТЕЛЬНОЕ (РАФ) 4,5л",,,,шт,"0,000",,"0,002",,"  0,0020 ",,"0,002",,,,,
4,Пирожок ржаной с капустой,МУКА ПШЕНИЧНАЯ 1C,,,,кг,"0,002",,"0,002",,"  0,0020 ",,"0,002",,,,,
5,Пирожок ржаной с капустой,Пакеты отрывные (500шт),,,,шт,"1,000",,"0,000",,  -   ,,"0,000",,,,,
ИТОГО,,,,,,,,,,,,,,,,,,
вес готового блюда (изделия) в расчете на,,,,,,,,,,"1,000 порц",,,,,,,,
,,,,,,,,,,,,,,,,,"0,0888",кг
,,,,,,,,,,,,,,,,,,
,,,,,,,,,,,,,,,,,,
,,,,,,,,,,,,,,,,,,
,Система автоматизации ресторанов iikoRMS,,,,,,,,,,,,,,,,,
,,,,,,,,,,,,,,,,,,
Пирожок ржаной с картофелем,,,,,,,,,,,,,,,,,,
Технологическая карта № 19104197568923641078,,,,,,,,,,,,Название на чеке:,,,,,,
,,,,,,,,,,,,Пирожок ржаной с картофелем,,,,,,
 10.02.2023,,,,,,,,,,,,,,,,,,
Область применения:,,,,,Любимая пекарня,,,,,,,,,,,,,
Хранение:,,,,,,,,,,,,,,,,,,
Срок Хранения:,,,,,,,,,,,,,,,,,,
Органолептические показатели:,,,,,,,,,,,,,,,,,,
,,,,,,,,,,,,,,,,,,
1,Пирожок ржаной с картофелем,Тесто ржаное пресное п/ф,,,,кг,"0,045",,"0,045",,"  0,0450 ",,"0,039","
ТРЕБОВАНИЯ К ОФОРМЛЕНИЮ, ПОДАЧЕ И РЕАЛИЗАЦИИ",,,,
2,Пирожок ржаной с картофелем,Начинка картофельная,,,,кг,"0,040",,"0,040",,"  0,0400 ",,"0,035",,,,,
3,Пирожок ржаной с картофелем,"МАСЛО РАСТИТЕЛЬНОЕ (РАФ) 4,5л",,,,шт,"0,000",,"0,002",,"  0,0020 ",,"0,000",,,,,
4,Пирожок ржаной с картофелем,МУКА ПШЕНИЧНАЯ 1C,,,,кг,"0,002",,"0,002",,"  0,0020 ",,"0,000",,,,,
5,Пирожок ржаной с картофелем,Пакеты отрывные (500шт),,,,шт,"1,000",,"0,000",,  -   ,,"0,000",,,,,
6,Пирожок ржаной с картофелем,СОЛЬ,,,,кг,"0,001",,"0,001",,"  0,0010 ",,"0,001",,,,,
7,Пирожок ржаной с картофелем,ПЕРЕЦ ЧЕРНЫЙ МОЛОТЫЙ,,,,кг,"0,001",,"0,001",,"  0,0010 ",,"0,001",,,,,
,,,,,,,,,,,,,,,,,,
ИТОГО,,,,,,,,,,,,,,,,,,
вес готового блюда (изделия) в расчете на,,,,,,,,,,"1,000 порц",,,,,,,,
,,,,,,,,,,,,,,,,,"0,0764",кг
,,,,,,,,,,,,,,,,,,
,,,,,,,,,,,,,,,,,,
,,,,,,,,,,,,,,,,,,
,Система автоматизации ресторанов iikoRMS,,,,,,,,,,,,,,,,,
,,,,,,,,,,,,,,,,,,
Пирожок ржаной с луком и яйцом,,,,,,,,,,,,,,,,,,
Технологическая карта № 19104197568923629601,,,,,,,,,,,,Название на чеке:,,,,,,
,,,,,,,,,,,,Пирожок ржаной с луком и яйцом,,,,,,
 01.03.2021,,,,,,,,,,,,,,,,,,
Область применения:,,,,,Любимая пекарня,,,,,,,,,,,,,
Хранение:,,,,,,,,,,,,,,,,,,
Срок Хранения:,,,,,,,,,,,,,,,,,,
Органолептические показатели:,,,,,,,,,,,,,,,,,,
,,,,,,,,,,,,,,,,,,
1,Пирожок ржаной с луком и яйцом,Тесто ржаное пресное п/ф,,,,кг,"0,045",,"0,045",,"  0,0450 ",,"0,039","
ТРЕБОВАНИЯ К ОФОРМЛЕНИЮ, ПОДАЧЕ И РЕАЛИЗАЦИИ",,,,
2,Пирожок ржаной с луком и яйцом,Фарш с яйцом и зел. луком на пирожки  п/ф 1 кг,,,,кг,"0,040",,"0,040",,"  0,0400 ",,"0,035",,,,,
3,Пирожок ржаной с луком и яйцом,"МАСЛО РАСТИТЕЛЬНОЕ (РАФ) 4,5л",,,,шт,"0,000",,"0,002",,"  0,0020 ",,"0,000",,,,,
4,Пирожок ржаной с луком и яйцом,МУКА ПШЕНИЧНАЯ 1C,,,,кг,"0,002",,"0,002",,"  0,0020 ",,"0,000",,,,,
5,Пирожок ржаной с луком и яйцом,Пакеты отрывные (500шт),,,,шт,"1,000",,"0,000",,  -   ,,"0,000",,,,,
ИТОГО,,,,,,,,,,,,,,,,,,
вес готового блюда (изделия) в расчете на,,,,,,,,,,"1,000 порц",,,,,,,,
,,,,,,,,,,,,,,,,,"0,0744",кг
,,,,,,,,,,,,,,,,,,
,,,,,,,,,,,,,,,,,,
,,,,,,,,,,,,,,,,,,
,Система автоматизации ресторанов iikoRMS,,,,,,,,,,,,,,,,,
,,,,,,,,,,,,,,,,,,
МИНИ Самса с курицей,,,,,,,,,,,,,,,,,,
Технологическая карта № 19104197568923641121,,,,,,,,,,,,Название на чеке:,,,,,,
,,,,,,,,,,,,МИНИ Самса с курицей,,,,,,
 20.06.2023,,,,,,,,,,,,,,,,,,
Область применения:,,,,,Любимая пекарня,,,,,,,,,,,,,
Хранение:,,,,,,,,,,,,,,,,,,
Срок Хранения:,,,,,,,,,,,,,,,,,,
Органолептические показатели:,,,,,,,,,,,,,,,,,,
,,,,,,,,,,,,,,,,,,
1,МИНИ Самса с курицей,СЛОЙКА ПРЕСНАЯ,,,,кг,"0,040",,"0,040",,"  0,0400 ",,"0,040","
ТРЕБОВАНИЯ К ОФОРМЛЕНИЮ, ПОДАЧЕ И РЕАЛИЗАЦИИ",,,,
2,МИНИ Самса с курицей,фарш для самсы с курицей п/ф 1 кг,,,,кг,"0,040",,"0,040",,"  0,0400 ",,"0,033",,,,,
3,МИНИ Самса с курицей,Меланж (битое яйцо 10 шт),,,,кг,"0,003",,"0,003",,"  0,0030 ",,"0,003",,,,,
4,МИНИ Самса с курицей,КУНЖУТ БЕЛЫЙ,,,,кг,"0,003",,"0,003",,"  0,0030 ",,"0,003",,,,,
5,МИНИ Самса с курицей,МУКА ПШЕНИЧНАЯ 1C,,,,кг,"0,005",,"0,005",,"  0,0050 ",,"0,005",,,,,
6,МИНИ Самса с курицей,ПАКЕТЫ-МАЙКА  (500 шт),,,,шт,"1,000",,"0,000",,  -   ,,"0,000",,,,,
7,МИНИ Самса с курицей,СОЛЬ,,,,кг,"0,001",,"0,001",,"  0,0010 ",,"0,001",,,,,
8,МИНИ Самса с курицей,ПЕРЕЦ ЧЕРНЫЙ МОЛОТЫЙ,,,,кг,"0,001",,"0,001",,"  0,0010 ",,"0,001",,,,,
,,,,,,,,,,,,,,,,,,
ИТОГО,,,,,,,,,,,,,,,,,,
вес готового блюда (изделия) в расчете на,,,,,,,,,,"1,000 порц",,,,,,,,
,,,,,,,,,,,,,,,,,"0,0864",кг
,,,,,,,,,,,,,,,,,,
,,,,,,,,,,,,,,,,,,
,,,,,,,,,,,,,,,,,,
,Система автоматизации ресторанов iikoRMS,,,,,,,,,,,,,,,,,
,,,,,,,,,,,,,,,,,,
МИНИ Самса с мясом,,,,,,,,,,,,,,,,,,
Технологическая карта № 19104197568923641122,,,,,,,,,,,,Название на чеке:,,,,,,
,,,,,,,,,,,,МИНИ Самса с мясом,,,,,,
 20.06.2023,,,,,,,,,,,,,,,,,,
Область применения:,,,,,Любимая пекарня,,,,,,,,,,,,,
Хранение:,,,,,,,,,,,,,,,,,,
Срок Хранения:,,,,,,,,,,,,,,,,,,
Органолептические показатели:,,,,,,,,,,,,,,,,,,
,,,,,,,,,,,,,,,,,,
1,МИНИ Самса с мясом,СЛОЙКА ПРЕСНАЯ,,,,кг,"0,200",,"0,200",,"  0,2000 ",,"0,200","
ТРЕБОВАНИЯ К ОФОРМЛЕНИЮ, ПОДАЧЕ И РЕАЛИЗАЦИИ",,,,
2,МИНИ Самса с мясом,Начинка на самсу с мясом,,,,кг,"0,200",,"0,200",,"  0,2000 ",,"0,200",,,,,
3,МИНИ Самса с мясом,Меланж (битое яйцо 10 шт),,,,кг,"0,050",,"0,050",,"  0,0500 ",,"0,000",,,,,
4,МИНИ Самса с мясом,МУКА ПШЕНИЧНАЯ 1C,,,,кг,"0,050",,"0,050",,"  0,0500 ",,"0,050",,,,,
5,МИНИ Самса с мясом,Пакеты отрывные (500шт),,,,шт,"5,000",,"0,000",,  -   ,,"0,000",,,,,
6,МИНИ Самса с мясом,МАК ПИЩЕВОЙ,,,,кг,"0,001",,"0,001",,"  0,0010 ",,"0,001",,,,,
ИТОГО,,,,,,,,,,,,,,,,,,
вес готового блюда (изделия) в расчете на,,,,,,,,,,"5,000 порц",,,,,,,,
,,,,,,,,,,,,,,,,,"0,4505",кг
,,,,,,,,,,,,,,,,,,
,,,,,,,,,,,,,,,,,,
,,,,,,,,,,,,,,,,,,
,Система автоматизации ресторанов iikoRMS,,,,,,,,,,,,,,,,,
,,,,,,,,,,,,,,,,,,
Самса с курицей,,,,,,,,,,,,,,,,,,
Технологическая карта № 191041975688727,,,,,,,,,,,,Название на чеке:,,,,,,
,,,,,,,,,,,,Самса с курицей,,,,,,
 01.09.2022,,,,,,,,,,,,,,,,,,
Область применения:,,,,,Любимая пекарня,,,,,,,,,,,,,
Хранение:,,,,,,,,,,,,,,,,,,
Срок Хранения:,,,,,,,,,,,,,,,,,,
Органолептические показатели:,,,,,,,,,,,,,,,,,,
,,,,,,,,,,,,,,,,,,
1,Самса с курицей,СЛОЙКА ПРЕСНАЯ,,,,кг,"0,080",,"0,080",,"  0,0800 ",,"0,080","
ТРЕБОВАНИЯ К ОФОРМЛЕНИЮ, ПОДАЧЕ И РЕАЛИЗАЦИИ",,,,
2,Самса с курицей,фарш для самсы с курицей п/ф 1 кг,,,,кг,"0,080",,"0,080",,"  0,0800 ",,"0,067",,,,,
3,Самса с курицей,Меланж (битое яйцо 10 шт),,,,кг,"0,005",,"0,005",,"  0,0050 ",,"0,005",,,,,
4,Самса с курицей,КУНЖУТ БЕЛЫЙ,,,,кг,"0,005",,"0,005",,"  0,0050 ",,"0,005",,,,,
5,Самса с курицей,МУКА ПШЕНИЧНАЯ 1C,,,,кг,"0,005",,"0,005",,"  0,0050 ",,"0,005",,,,,
6,Самса с курицей,ПАКЕТЫ-МАЙКА  (500 шт),,,,шт,"1,000",,"0,000",,  -   ,,"0,000",,,,,
7,Самса с курицей,СОЛЬ,,,,кг,"0,001",,"0,001",,"  0,0010 ",,"0,001",,,,,
8,Самса с курицей,ПЕРЕЦ ЧЕРНЫЙ МОЛОТЫЙ,,,,кг,"0,001",,"0,001",,"  0,0010 ",,"0,001",,,,,
,,,,,,,,,,,,,,,,,,
ИТОГО,,,,,,,,,,,,,,,,,,
вес готового блюда (изделия) в расчете на,,,,,,,,,,"1,000 порц",,,,,,,,
,,,,,,,,,,,,,,,,,"0,1637",кг
,,,,,,,,,,,,,,,,,,
,,,,,,,,,,,,,,,,,,
,,,,,,,,,,,,,,,,,,
,Система автоматизации ресторанов iikoRMS,,,,,,,,,,,,,,,,,
,,,,,,,,,,,,,,,,,,
Самса с мясом,,,,,,,,,,,,,,,,,,
Технологическая карта № 19104197568923629323,,,,,,,,,,,,Название на чеке:,,,,,,
,,,,,,,,,,,,Самса с мясом,,,,,,
 10.02.2022,,,,,,,,,,,,,,,,,,
Область применения:,,,,,Любимая пекарня,,,,,,,,,,,,,
Хранение:,,,,,,,,,,,,,,,,,,
Срок Хранения:,,,,,,,,,,,,,,,,,,
Органолептические показатели:,,,,,,,,,,,,,,,,,,
,,,,,,,,,,,,,,,,,,
1,Самса с мясом,СЛОЙКА ПРЕСНАЯ,,,,кг,"0,400",,"0,400",,"  0,4000 ",,"0,400","
ТРЕБОВАНИЯ К ОФОРМЛЕНИЮ, ПОДАЧЕ И РЕАЛИЗАЦИИ",,,,
2,Самса с мясом,Начинка на самсу с мясом,,,,кг,"0,400",,"0,400",,"  0,4000 ",,"0,400",,,,,
3,Самса с мясом,Меланж (битое яйцо 10 шт),,,,кг,"0,010",,"0,010",,"  0,0100 ",,"0,000",,,,,
4,Самса с мясом,МУКА ПШЕНИЧНАЯ 1C,,,,кг,"0,010",,"0,010",,"  0,0100 ",,"0,010",,,,,
5,Самса с мясом,Пакеты отрывные (500шт),,,,шт,"5,000",,"0,000",,  -   ,,"0,000",,,,,
6,Самса с мясом,МАК ПИЩЕВОЙ,,,,кг,"0,001",,"0,001",,"  0,0010 ",,"0,001",,,,,
ИТОГО,,,,,,,,,,,,,,,,,,
вес готового блюда (изделия) в расчете на,,,,,,,,,,"5,000 порц",,,,,,,,
,,,,,,,,,,,,,,,,,"0,8105",кг
,,,,,,,,,,,,,,,,,,
,,,,,,,,,,,,,,,,,,
,,,,,,,,,,,,,,,,,,
,Система автоматизации ресторанов iikoRMS,,,,,,,,,,,,,,,,,
,,,,,,,,,,,,,,,,,,
Самса с сыром,,,,,,,,,,,,,,,,,,
Технологическая карта № 19104197568923630156,,,,,,,,,,,,Название на чеке:,,,,,,
,,,,,,,,,,,,Самса с сыром,,,,,,
 01.03.2021,,,,,,,,,,,,,,,,,,
Область применения:,,,,,Любимая пекарня,,,,,,,,,,,,,
Хранение:,,,,,,,,,,,,,,,,,,
Срок Хранения:,,,,,,,,,,,,,,,,,,
Органолептические показатели:,,,,,,,,,,,,,,,,,,
,,,,,,,,,,,,,,,,,,
1,Самса с сыром,СЛОЙКА ПРЕСНАЯ,,,,кг,"0,080",,"0,080",,"  0,0800 ",,"0,080","
ТРЕБОВАНИЯ К ОФОРМЛЕНИЮ, ПОДАЧЕ И РЕАЛИЗАЦИИ",,,,
2,Самса с сыром,СЫР ТВЕРДЫЙ,,,,кг,"0,030",,"0,030",,"  0,0300 ",,"0,030",,,,,
3,Самса с сыром,Меланж (битое яйцо 10 шт),,,,кг,"0,002",,"0,002",,"  0,0020 ",,"0,002",,,,,
4,Самса с сыром,МУКА ПШЕНИЧНАЯ 1C,,,,кг,"0,005",,"0,005",,"  0,0050 ",,"0,000",,,,,
5,Самса с сыром,Пакеты отрывные (500шт),,,,шт,"1,000",,"0,000",,  -   ,,"0,000",,,,,
ИТОГО,,,,,,,,,,,,,,,,,,
вес готового блюда (изделия) в расчете на,,,,,,,,,,"1,000 порц",,,,,,,,
,,,,,,,,,,,,,,,,,"0,1120",кг
,,,,,,,,,,,,,,,,,,
,,,,,,,,,,,,,,,,,,
,,,,,,,,,,,,,,,,,,
,Система автоматизации ресторанов iikoRMS,,,,,,,,,,,,,,,,,
,,,,,,,,,,,,,,,,,,
Самса с тыквой и мясом,,,,,,,,,,,,,,,,,,
Технологическая карта № 19104197568923630309,,,,,,,,,,,,Название на чеке:,,,,,,
,,,,,,,,,,,,Самса с тыквой и мясом,,,,,,
 10.02.2022,,,,,,,,,,,,,,,,,,
Область применения:,,,,,Любимая пекарня,,,,,,,,,,,,,
Хранение:,,,,,,,,,,,,,,,,,,
Срок Хранения:,,,,,,,,,,,,,,,,,,
Органолептические показатели:,,,,,,,,,,,,,,,,,,
,,,,,,,,,,,,,,,,,,
1,Самса с тыквой и мясом,СЛОЙКА ПРЕСНАЯ,,,,кг,"0,080",,"0,080",,"  0,0800 ",,"0,080","
ТРЕБОВАНИЯ К ОФОРМЛЕНИЮ, ПОДАЧЕ И РЕАЛИЗАЦИИ",,,,
2,Самса с тыквой и мясом,Начинка для самсы с мясом и тыквой,,,,кг,"0,075",,"0,075",,"  0,0750 ",,"0,075",,,,,
3,Самса с тыквой и мясом,"МАСЛО РАСТИТЕЛЬНОЕ (РАФ) 4,5л",,,,шт,"0,001",,"0,005",,"  0,0050 ",,"0,005",,,,,
4,Самса с тыквой и мясом,Меланж (битое яйцо 10 шт),,,,кг,"0,003",,"0,003",,"  0,0030 ",,"0,003",,,,,
5,Самса с тыквой и мясом,КУНЖУТ БЕЛЫЙ,,,,кг,"0,003",,"0,003",,"  0,0030 ",,"0,003",,,,,
6,Самса с тыквой и мясом,СОЛЬ,,,,кг,"0,001",,"0,001",,"  0,0010 ",,"0,001",,,,,
7,Самса с тыквой и мясом,ПЕРЕЦ ЧЕРНЫЙ МОЛОТЫЙ,,,,кг,"0,001",,"0,001",,"  0,0010 ",,"0,001",,,,,
8,Самса с тыквой и мясом,Пакеты отрывные (500шт),,,,шт,"1,000",,"0,000",,  -   ,,"0,000",,,,,
ИТОГО,,,,,,,,,,,,,,,,,,
вес готового блюда (изделия) в расчете на,,,,,,,,,,"1,000 порц",,,,,,,,
,,,,,,,,,,,,,,,,,"0,1680",кг
,,,,,,,,,,,,,,,,,,
,,,,,,,,,,,,,,,,,,
,,,,,,,,,,,,,,,,,,
,Система автоматизации ресторанов iikoRMS,,,,,,,,,,,,,,,,,
,,,,,,,,,,,,,,,,,,
Киш курица грибы,,,,,,,,,,,,,,,,,,
Технологическая карта № 19104197568923641129,,,,,,,,,,,,Название на чеке:,,,,,,
,,,,,,,,,,,,Киш курица грибы,,,,,,
 22.06.2023,,,,,,,,,,,,,,,,,,
Область применения:,,,,,Любимая пекарня,,,,,,,,,,,,,
Хранение:,,,,,,,,,,,,,,,,,,
Срок Хранения:,,,,,,,,,,,,,,,,,,
Органолептические показатели:,,,,,,,,,,,,,,,,,,
,,,,,,,,,,,,,,,,,,
1,Киш курица грибы,Тесто на кокроки п/ф,,,,кг,"0,060",,"0,060",,"  0,0600 ",,"0,060","
ТРЕБОВАНИЯ К ОФОРМЛЕНИЮ, ПОДАЧЕ И РЕАЛИЗАЦИИ",,,,
2,Киш курица грибы,начинка киш курица,,,,кг,"0,045",,"0,045",,"  0,0450 ",,"0,045",,,,,
3,Киш курица грибы,Начинка для сметанника  п/ф 1 кг,,,,кг,"0,020",,"0,020",,"  0,0200 ",,"0,020",,,,,
,,,,,,,,,,,,,,,,,,
ИТОГО,,,,,,,,,,,,,,,,,,
вес готового блюда (изделия) в расчете на,,,,,,,,,,"1,000 порц",,,,,,,,
,,,,,,,,,,,,,,,,,"0,1250",кг
,,,,,,,,,,,,,,,,,,
,,,,,,,,,,,,,,,,,,
,,,,,,,,,,,,,,,,,,
,Система автоматизации ресторанов iikoRMS,,,,,,,,,,,,,,,,,
,,,,,,,,,,,,,,,,,,
Киш мясо грибы,,,,,,,,,,,,,,,,,,
Технологическая карта № 19104197568923641131,,,,,,,,,,,,Название на чеке:,,,,,,
,,,,,,,,,,,,Киш мясо грибы,,,,,,
 22.06.2023,,,,,,,,,,,,,,,,,,
Область применения:,,,,,Любимая пекарня,,,,,,,,,,,,,
Хранение:,,,,,,,,,,,,,,,,,,
Срок Хранения:,,,,,,,,,,,,,,,,,,
Органолептические показатели:,,,,,,,,,,,,,,,,,,
,,,,,,,,,,,,,,,,,,
1,Киш мясо грибы,Тесто на кокроки п/ф,,,,кг,"0,060",,"0,060",,"  0,0600 ",,"0,060","
ТРЕБОВАНИЯ К ОФОРМЛЕНИЮ, ПОДАЧЕ И РЕАЛИЗАЦИИ",,,,
2,Киш мясо грибы,начинка киш мясо,,,,кг,"0,045",,"0,045",,"  0,0450 ",,"0,045",,,,,
3,Киш мясо грибы,Начинка для сметанника  п/ф 1 кг,,,,кг,"0,020",,"0,020",,"  0,0200 ",,"0,020",,,,,
,,,,,,,,,,,,,,,,,,
ИТОГО,,,,,,,,,,,,,,,,,,
вес готового блюда (изделия) в расчете на,,,,,,,,,,"1,000 порц",,,,,,,,
,,,,,,,,,,,,,,,,,"0,1250",кг
,,,,,,,,,,,,,,,,,,
,,,,,,,,,,,,,,,,,,
,,,,,,,,,,,,,,,,,,
,Система автоматизации ресторанов iikoRMS,,,,,,,,,,,,,,,,,
,,,,,,,,,,,,,,,,,,
Конвертик с курицей и грибами,,,,,,,,,,,,,,,,,,
Технологическая карта № 19104197568923629929,,,,,,,,,,,,Название на чеке:,,,,,,
,,,,,,,,,,,,Конвертик с курицей и грибами,,,,,,
 01.09.2022,,,,,,,,,,,,,,,,,,
Область применения:,,,,,Любимая пекарня,,,,,,,,,,,,,
Хранение:,,,,,,,,,,,,,,,,,,
Срок Хранения:,,,,,,,,,,,,,,,,,,
Органолептические показатели:,,,,,,,,,,,,,,,,,,
,,,,,,,,,,,,,,,,,,
1,Конвертик с курицей и грибами,Тесто арбатское п/ф,,,,кг,"0,080",,"0,080",,"  0,0800 ",,"0,080","
ТРЕБОВАНИЯ К ОФОРМЛЕНИЮ, ПОДАЧЕ И РЕАЛИЗАЦИИ",,,,
2,Конвертик с курицей и грибами,Меланж (битое яйцо 10 шт),,,,кг,"0,005",,"0,005",,"  0,0050 ",,"0,005",,,,,
3,Конвертик с курицей и грибами,"МАСЛО РАСТИТЕЛЬНОЕ (РАФ) 4,5л",,,,шт,"0,002",,"0,009",,"  0,0090 ",,"0,009",,,,,
4,Конвертик с курицей и грибами,КУНЖУТ БЕЛЫЙ,,,,кг,"0,002",,"0,002",,"  0,0020 ",,"0,002",,,,,
5,Конвертик с курицей и грибами,"МАСЛО РАСТИТЕЛЬНОЕ (РАФ) 4,5л",,,,шт,"0,000",,"0,001",,"  0,0010 ",,"0,001",,,,,
6,Конвертик с курицей и грибами,МУКА ПШЕНИЧНАЯ 1C,,,,кг,"0,005",,"0,005",,"  0,0050 ",,"0,005",,,,,
7,Конвертик с курицей и грибами,Начинка на конвертик с курицей и грибами п/ф,,,,кг,"0,060",,"0,060",,"  0,0600 ",,"0,060",,,,,
8,Конвертик с курицей и грибами,ПАКЕТЫ-МАЙКА  (500 шт),,,,шт,"1,000",,"0,000",,  -   ,,"0,000",,,,,
9,Конвертик с курицей и грибами,СОЛЬ,,,,кг,"0,001",,"0,001",,"  0,0010 ",,"0,001",,,,,
10,Конвертик с курицей и грибами,ПЕРЕЦ ЧЕРНЫЙ МОЛОТЫЙ,,,,кг,"0,001",,"0,001",,"  0,0010 ",,"0,001",,,,,
,,,,,,,,,,,,,,,,,,
ИТОГО,,,,,,,,,,,,,,,,,,
вес готового блюда (изделия) в расчете на,,,,,,,,,,"1,000 порц",,,,,,,,
,,,,,,,,,,,,,,,,,"0,1638",кг
,,,,,,,,,,,,,,,,,,
,,,,,,,,,,,,,,,,,,
,,,,,,,,,,,,,,,,,,
,Система автоматизации ресторанов iikoRMS,,,,,,,,,,,,,,,,,
,,,,,,,,,,,,,,,,,,
Кулебяка с капустой,,,,,,,,,,,,,,,,,,
Технологическая карта № 191041975688713,,,,,,,,,,,,Название на чеке:,,,,,,
,,,,,,,,,,,,Кулебяка с капустой,,,,,,
 01.09.2022,,,,,,,,,,,,,,,,,,
Область применения:,,,,,Любимая пекарня,,,,,,,,,,,,,
Хранение:,,,,,,,,,,,,,,,,,,
Срок Хранения:,,,,,,,,,,,,,,,,,,
Органолептические показатели:,,,,,,,,,,,,,,,,,,
,,,,,,,,,,,,,,,,,,
1,Кулебяка с капустой,Тесто арбатское п/ф,,,,кг,"0,100",,"0,100",,"  0,1000 ",,"0,083","
ТРЕБОВАНИЯ К ОФОРМЛЕНИЮ, ПОДАЧЕ И РЕАЛИЗАЦИИ",,,,
2,Кулебяка с капустой,МУКА ПШЕНИЧНАЯ 1C,,,,кг,"0,005",,"0,005",,"  0,0050 ",,"0,000",,,,,
3,Кулебяка с капустой,Меланж (битое яйцо 10 шт),,,,кг,"0,004",,"0,004",,"  0,0040 ",,"0,004",,,,,
4,Кулебяка с капустой,"МАСЛО РАСТИТЕЛЬНОЕ (РАФ) 4,5л",,,,шт,"0,000",,"0,002",,"  0,0020 ",,"0,000",,,,,
5,Кулебяка с капустой,фарш капуста/лук на пирожки  п/ф 1 кг,,,,кг,"0,080",,"0,080",,"  0,0800 ",,"0,080",,,,,
6,Кулебяка с капустой,"МАСЛО РАСТИТЕЛЬНОЕ (РАФ) 4,5л",,,,шт,"0,000",,"0,002",,"  0,0020 ",,"0,002",,,,,
7,Кулебяка с капустой,Пакеты отрывные (500шт),,,,шт,"1,000",,"0,000",,  -   ,,"0,000",,,,,
8,Кулебяка с капустой,СОЛЬ,,,,кг,"0,001",,"0,001",,"  0,0010 ",,"0,001",,,,,
9,Кулебяка с капустой,ПЕРЕЦ ЧЕРНЫЙ МОЛОТЫЙ,,,,кг,"0,001",,"0,001",,"  0,0010 ",,"0,001",,,,,
,,,,,,,,,,,,,,,,,,
ИТОГО,,,,,,,,,,,,,,,,,,
вес готового блюда (изделия) в расчете на,,,,,,,,,,"1,000 порц",,,,,,,,
,,,,,,,,,,,,,,,,,"0,1711",кг
,,,,,,,,,,,,,,,,,,
,,,,,,,,,,,,,,,,,,
,,,,,,,,,,,,,,,,,,
,Система автоматизации ресторанов iikoRMS,,,,,,,,,,,,,,,,,
,,,,,,,,,,,,,,,,,,
Куринный шашлык в тесте,,,,,,,,,,,,,,,,,,
Технологическая карта № 19104197568923629813,,,,,,,,,,,,Название на чеке:,,,,,,
,,,,,,,,,,,,Куринный шашлык в тесте,,,,,,
 01.12.2022,,,,,,,,,,,,,,,,,,
Область применения:,,,,,Любимая пекарня,,,,,,,,,,,,,
Хранение:,,,,,,,,,,,,,,,,,,
Срок Хранения:,,,,,,,,,,,,,,,,,,
Органолептические показатели:,,,,,,,,,,,,,,,,,,
,,,,,,,,,,,,,,,,,,
1,Куринный шашлык в тесте,Тесто арбатское п/ф,,,,кг,"0,080",,"0,080",,"  0,0800 ",,"0,080","
ТРЕБОВАНИЯ К ОФОРМЛЕНИЮ, ПОДАЧЕ И РЕАЛИЗАЦИИ",,,,
2,Куринный шашлык в тесте,Начинка для шашлыка в тесте,,,,кг,"0,100",,"0,100",,"  0,1000 ",,"0,100",,,,,
3,Куринный шашлык в тесте,КУНЖУТ БЕЛЫЙ,,,,кг,"0,005",,"0,005",,"  0,0050 ",,"0,005",,,,,
4,Куринный шашлык в тесте,МУКА ПШЕНИЧНАЯ 1C,,,,кг,"0,005",,"0,005",,"  0,0050 ",,"0,005",,,,,
5,Куринный шашлык в тесте,"МАСЛО РАСТИТЕЛЬНОЕ (РАФ) 4,5л",,,,шт,"0,001",,"0,005",,"  0,0050 ",,"0,005",,,,,
6,Куринный шашлык в тесте,Меланж (битое яйцо 10 шт),,,,кг,"0,005",,"0,005",,"  0,0050 ",,"0,005",,,,,
7,Куринный шашлык в тесте,ПАКЕТЫ-МАЙКА  (500 шт),,,,шт,"1,000",,"0,000",,  -   ,,"0,000",,,,,
ИТОГО,,,,,,,,,,,,,,,,,,
вес готового блюда (изделия) в расчете на,,,,,,,,,,"1,000 порц",,,,,,,,
,,,,,,,,,,,,,,,,,"0,2000",кг
,,,,,,,,,,,,,,,,,,
,,,,,,,,,,,,,,,,,,
,,,,,,,,,,,,,,,,,,
,Система автоматизации ресторанов iikoRMS,,,,,,,,,,,,,,,,,
,,,,,,,,,,,,,,,,,,
Курочка ряба,,,,,,,,,,,,,,,,,,
Технологическая карта № 19104197568923629811,,,,,,,,,,,,Название на чеке:,,,,,,
,,,,,,,,,,,,Курочка ряба,,,,,,
 01.09.2022,,,,,,,,,,,,,,,,,,
Область применения:,,,,,Любимая пекарня,,,,,,,,,,,,,
Хранение:,,,,,,,,,,,,,,,,,,
Срок Хранения:,,,,,,,,,,,,,,,,,,
Органолептические показатели:,,,,,,,,,,,,,,,,,,
,,,,,,,,,,,,,,,,,,
1,Курочка ряба,Тесто арбатское п/ф,,,,кг,"0,080",,"0,080",,"  0,0800 ",,"0,080","
ТРЕБОВАНИЯ К ОФОРМЛЕНИЮ, ПОДАЧЕ И РЕАЛИЗАЦИИ",,,,
2,Курочка ряба,Начинка для Курочки Рябы,,,,кг,"0,100",,"0,100",,"  0,1000 ",,"0,100",,,,,
3,Курочка ряба,"МАСЛО РАСТИТЕЛЬНОЕ (РАФ) 4,5л",,,,шт,"0,000",,"0,002",,"  0,0020 ",,"0,002",,,,,
4,Курочка ряба,МУКА ПШЕНИЧНАЯ 1C,,,,кг,"0,002",,"0,002",,"  0,0020 ",,"0,002",,,,,
5,Курочка ряба,Меланж (битое яйцо 10 шт),,,,кг,"0,005",,"0,005",,"  0,0050 ",,"0,005",,,,,
6,Курочка ряба,ПАКЕТЫ-МАЙКА  (500 шт),,,,шт,"1,000",,"0,000",,  -   ,,"0,000",,,,,
7,Курочка ряба,СОЛЬ,,,,кг,"0,001",,"0,001",,"  0,0010 ",,"0,001",,,,,
8,Курочка ряба,ПЕРЕЦ ЧЕРНЫЙ МОЛОТЫЙ,,,,кг,"0,001",,"0,001",,"  0,0010 ",,"0,001",,,,,
,,,,,,,,,,,,,,,,,,
ИТОГО,,,,,,,,,,,,,,,,,,
вес готового блюда (изделия) в расчете на,,,,,,,,,,"1,000 порц",,,,,,,,
,,,,,,,,,,,,,,,,,"0,1908",кг
,,,,,,,,,,,,,,,,,,
,,,,,,,,,,,,,,,,,,
,,,,,,,,,,,,,,,,,,
,Система автоматизации ресторанов iikoRMS,,,,,,,,,,,,,,,,,
,,,,,,,,,,,,,,,,,,
Пирожок с капустой,,,,,,,,,,,,,,,,,,
Технологическая карта № 191041975688716,,,,,,,,,,,,Название на чеке:,,,,,,
,,,,,,,,,,,,Пирожок с капустой,,,,,,
 01.09.2022,,,,,,,,,,,,,,,,,,
Область применения:,,,,,Любимая пекарня,,,,,,,,,,,,,
Хранение:,,,,,,,,,,,,,,,,,,
Срок Хранения:,,,,,,,,,,,,,,,,,,
Органолептические показатели:,,,,,,,,,,,,,,,,,,
,,,,,,,,,,,,,,,,,,
1,Пирожок с капустой,Тесто арбатское п/ф,,,,кг,"0,050",,"0,050",,"  0,0500 ",,"0,042","
ТРЕБОВАНИЯ К ОФОРМЛЕНИЮ, ПОДАЧЕ И РЕАЛИЗАЦИИ",,,,
2,Пирожок с капустой,МУКА ПШЕНИЧНАЯ 1C,,,,кг,"0,005",,"0,005",,"  0,0050 ",,"0,000",,,,,
3,Пирожок с капустой,"МАСЛО РАСТИТЕЛЬНОЕ (РАФ) 4,5л",,,,шт,"0,000",,"0,002",,"  0,0020 ",,"0,000",,,,,
4,Пирожок с капустой,фарш капуста/лук на пирожки  п/ф 1 кг,,,,кг,"0,040",,"0,040",,"  0,0400 ",,"0,040",,,,,
5,Пирожок с капустой,Меланж (битое яйцо 10 шт),,,,кг,"0,005",,"0,005",,"  0,0050 ",,"0,005",,,,,
6,Пирожок с капустой,"МАСЛО РАСТИТЕЛЬНОЕ (РАФ) 4,5л",,,,шт,"0,000",,"0,002",,"  0,0020 ",,"0,002",,,,,
7,Пирожок с капустой,ПАКЕТЫ-МАЙКА  (500 шт),,,,шт,"1,000",,"0,000",,  -   ,,"0,000",,,,,
8,Пирожок с капустой,СОЛЬ,,,,кг,"0,001",,"0,001",,"  0,0010 ",,"0,001",,,,,
9,Пирожок с капустой,ПЕРЕЦ ЧЕРНЫЙ МОЛОТЫЙ,,,,кг,"0,001",,"0,001",,"  0,0010 ",,"0,001",,,,,
,,,,,,,,,,,,,,,,,,
ИТОГО,,,,,,,,,,,,,,,,,,
вес готового блюда (изделия) в расчете на,,,,,,,,,,"1,000 порц",,,,,,,,
,,,,,,,,,,,,,,,,,"0,0905",кг
,,,,,,,,,,,,,,,,,,
,,,,,,,,,,,,,,,,,,
,,,,,,,,,,,,,,,,,,
,Система автоматизации ресторанов iikoRMS,,,,,,,,,,,,,,,,,
,,,,,,,,,,,,,,,,,,
Пирожок с картошкой,,,,,,,,,,,,,,,,,,
Технологическая карта № 19104197568923630376,,,,,,,,,,,,Название на чеке:,,,,,,
,,,,,,,,,,,,Пирожок с картошкой,,,,,,
 01.09.2022,,,,,,,,,,,,,,,,,,
Область применения:,,,,,Любимая пекарня,,,,,,,,,,,,,
Хранение:,,,,,,,,,,,,,,,,,,
Срок Хранения:,,,,,,,,,,,,,,,,,,
Органолептические показатели:,,,,,,,,,,,,,,,,,,
,,,,,,,,,,,,,,,,,,
1,Пирожок с картошкой,Тесто арбатское п/ф,,,,кг,"0,050",,"0,050",,"  0,0500 ",,"0,050","
ТРЕБОВАНИЯ К ОФОРМЛЕНИЮ, ПОДАЧЕ И РЕАЛИЗАЦИИ",,,,
2,Пирожок с картошкой,Начинка картофельная,,,,кг,"0,040",,"0,040",,"  0,0400 ",,"0,040",,,,,
3,Пирожок с картошкой,Меланж (битое яйцо 10 шт),,,,кг,"0,004",,"0,004",,"  0,0040 ",,"0,004",,,,,
4,Пирожок с картошкой,"МАСЛО РАСТИТЕЛЬНОЕ (РАФ) 4,5л",,,,шт,"0,000",,"0,002",,"  0,0020 ",,"0,002",,,,,
5,Пирожок с картошкой,ПАКЕТЫ-МАЙКА  (500 шт),,,,шт,"1,000",,"0,000",,  -   ,,"0,000",,,,,
6,Пирожок с картошкой,СОЛЬ,,,,кг,"0,001",,"0,001",,"  0,0010 ",,"0,001",,,,,
7,Пирожок с картошкой,ПЕРЕЦ ЧЕРНЫЙ МОЛОТЫЙ,,,,кг,"0,001",,"0,001",,"  0,0010 ",,"0,001",,,,,
,,,,,,,,,,,,,,,,,,
ИТОГО,,,,,,,,,,,,,,,,,,
вес готового блюда (изделия) в расчете на,,,,,,,,,,"1,000 порц",,,,,,,,
,,,,,,,,,,,,,,,,,"0,0978",кг
,,,,,,,,,,,,,,,,,,
,,,,,,,,,,,,,,,,,,
,,,,,,,,,,,,,,,,,,
,Система автоматизации ресторанов iikoRMS,,,,,,,,,,,,,,,,,
,,,,,,,,,,,,,,,,,,
Пирожок с печенью,,,,,,,,,,,,,,,,,,
Технологическая карта № 191041975688723,,,,,,,,,,,,Название на чеке:,,,,,,
,,,,,,,,,,,,Пирожок с печенью,,,,,,
 19.03.2022,,,,,,,,,,,,,,,,,,
Область применения:,,,,,Любимая пекарня,,,,,,,,,,,,,
Хранение:,,,,,,,,,,,,,,,,,,
Срок Хранения:,,,,,,,,,,,,,,,,,,
Органолептические показатели:,,,,,,,,,,,,,,,,,,
,,,,,,,,,,,,,,,,,,
1,Пирожок с печенью,Тесто арбатское п/ф,,,,кг,"0,050",,"0,050",,"  0,0500 ",,"0,041","
ТРЕБОВАНИЯ К ОФОРМЛЕНИЮ, ПОДАЧЕ И РЕАЛИЗАЦИИ",,,,
2,Пирожок с печенью,МУКА ПШЕНИЧНАЯ 1C,,,,кг,"0,005",,"0,005",,"  0,0050 ",,"0,000",,,,,
3,Пирожок с печенью,"МАСЛО РАСТИТЕЛЬНОЕ (РАФ) 4,5л",,,,шт,"0,000",,"0,002",,"  0,0020 ",,"0,000",,,,,
4,Пирожок с печенью,Фарш из печени с луком п/ф 1 кг,,,,кг,"0,040",,"0,040",,"  0,0400 ",,"0,036",,,,,
5,Пирожок с печенью,Меланж (битое яйцо 10 шт),,,,кг,"0,004",,"0,004",,"  0,0040 ",,"0,004",,,,,
6,Пирожок с печенью,ПАКЕТЫ-МАЙКА  (500 шт),,,,шт,"1,000",,"0,000",,  -   ,,"0,000",,,,,
ИТОГО,,,,,,,,,,,,,,,,,,
вес готового блюда (изделия) в расчете на,,,,,,,,,,"1,000 порц",,,,,,,,
,,,,,,,,,,,,,,,,,"0,0812",кг
,,,,,,,,,,,,,,,,,,
,,,,,,,,,,,,,,,,,,
,,,,,,,,,,,,,,,,,,
,Система автоматизации ресторанов iikoRMS,,,,,,,,,,,,,,,,,
,,,,,,,,,,,,,,,,,,
Пирожок с яйцом и зел. луком,,,,,,,,,,,,,,,,,,
Технологическая карта № 191041975688724,,,,,,,,,,,,Название на чеке:,,,,,,
,,,,,,,,,,,,Пирожок с яйцом и зел. луком,,,,,,
 01.09.2022,,,,,,,,,,,,,,,,,,
Область применения:,,,,,Любимая пекарня,,,,,,,,,,,,,
Хранение:,,,,,,,,,,,,,,,,,,
Срок Хранения:,,,,,,,,,,,,,,,,,,
Органолептические показатели:,,,,,,,,,,,,,,,,,,
,,,,,,,,,,,,,,,,,,
1,Пирожок с яйцом и зел. луком,Тесто арбатское п/ф,,,,кг,"0,050",,"0,050",,"  0,0500 ",,"0,042","
ТРЕБОВАНИЯ К ОФОРМЛЕНИЮ, ПОДАЧЕ И РЕАЛИЗАЦИИ",,,,
2,Пирожок с яйцом и зел. луком,МУКА ПШЕНИЧНАЯ 1C,,,,кг,"0,005",,"0,005",,"  0,0050 ",,"0,000",,,,,
3,Пирожок с яйцом и зел. луком,"МАСЛО РАСТИТЕЛЬНОЕ (РАФ) 4,5л",,,,шт,"0,000",,"0,002",,"  0,0020 ",,"0,000",,,,,
4,Пирожок с яйцом и зел. луком,Фарш с яйцом и зел. луком на пирожки  п/ф 1 кг,,,,кг,"0,040",,"0,040",,"  0,0400 ",,"0,036",,,,,
5,Пирожок с яйцом и зел. луком,Меланж (битое яйцо 10 шт),,,,кг,"0,004",,"0,004",,"  0,0040 ",,"0,004",,,,,
6,Пирожок с яйцом и зел. луком,ПАКЕТЫ-МАЙКА  (500 шт),,,,шт,"1,000",,"0,000",,  -   ,,"0,000",,,,,
7,Пирожок с яйцом и зел. луком,СОЛЬ,,,,кг,"0,001",,"0,001",,"  0,0010 ",,"0,001",,,,,
8,Пирожок с яйцом и зел. луком,ПЕРЕЦ ЧЕРНЫЙ МОЛОТЫЙ,,,,кг,"0,001",,"0,001",,"  0,0010 ",,"0,001",,,,,
,,,,,,,,,,,,,,,,,,
ИТОГО,,,,,,,,,,,,,,,,,,
вес готового блюда (изделия) в расчете на,,,,,,,,,,"1,000 порц",,,,,,,,
,,,,,,,,,,,,,,,,,"0,0833",кг
,,,,,,,,,,,,,,,,,,
,,,,,,,,,,,,,,,,,,
,,,,,,,,,,,,,,,,,,
,Система автоматизации ресторанов iikoRMS,,,,,,,,,,,,,,,,,
,,,,,,,,,,,,,,,,,,
Пицца домашняя,,,,,,,,,,,,,,,,,,
Технологическая карта № 191041975688741,,,,,,,,,,,,Название на чеке:,,,,,,
,,,,,,,,,,,,Пицца домашняя,,,,,,
 19.03.2022,,,,,,,,,,,,,,,,,,
Область применения:,,,,,Любимая пекарня,,,,,,,,,,,,,
Хранение:,,,,,,,,,,,,,,,,,,
Срок Хранения:,,,,,,,,,,,,,,,,,,
Органолептические показатели:,,,,,,,,,,,,,,,,,,
,,,,,,,,,,,,,,,,,,
1,Пицца домашняя,Тесто арбатское п/ф,,,,кг,"0,060",,"0,060",,"  0,0600 ",,"0,050","
ТРЕБОВАНИЯ К ОФОРМЛЕНИЮ, ПОДАЧЕ И РЕАЛИЗАЦИИ",,,,
2,Пицца домашняя,Соус для пиццы,,,,кг,"0,005",,"0,005",,"  0,0050 ",,"0,004",,,,,
3,Пицца домашняя,"МАСЛО РАСТИТЕЛЬНОЕ (РАФ) 4,5л",,,,шт,"0,000",,"0,001",,"  0,0010 ",,"0,001",,,,,
4,Пицца домашняя,МУКА ПШЕНИЧНАЯ 1C,,,,кг,"0,002",,"0,002",,"  0,0020 ",,"0,002",,,,,
5,Пицца домашняя,Начинка для пиццы домашней,,,,кг,"0,055",,"0,055",,"  0,0550 ",,"0,049",,,,,
6,Пицца домашняя,ПАКЕТЫ-МАЙКА  (500 шт),,,,шт,"1,000",,"0,000",,  -   ,,"0,000",,,,,
ИТОГО,,,,,,,,,,,,,,,,,,
вес готового блюда (изделия) в расчете на,,,,,,,,,,"1,000 порц",,,,,,,,
,,,,,,,,,,,,,,,,,"0,1062",кг
,,,,,,,,,,,,,,,,,,
,,,,,,,,,,,,,,,,,,
,,,,,,,,,,,,,,,,,,
,Система автоматизации ресторанов iikoRMS,,,,,,,,,,,,,,,,,
,,,,,,,,,,,,,,,,,,
Расстегай с семгой,,,,,,,,,,,,,,,,,,
Технологическая карта № 19104197568923640808,,,,,,,,,,,,Название на чеке:,,,,,,
,,,,,,,,,,,,Расстегай с семгой,,,,,,
 19.03.2022,,,,,,,,,,,,,,,,,,
Область применения:,,,,,Любимая пекарня,,,,,,,,,,,,,
Хранение:,,,,,,,,,,,,,,,,,,
Срок Хранения:,,,,,,,,,,,,,,,,,,
Органолептические показатели:,,,,,,,,,,,,,,,,,,
,,,,,,,,,,,,,,,,,,
1,Расстегай с семгой,Тесто арбатское п/ф,,,,кг,"0,060",,"0,060",,"  0,0600 ",,"0,060","
ТРЕБОВАНИЯ К ОФОРМЛЕНИЮ, ПОДАЧЕ И РЕАЛИЗАЦИИ",,,,
2,Расстегай с семгой,МУКА ПШЕНИЧНАЯ 1C,,,,кг,"0,005",,"0,005",,"  0,0050 ",,"0,005",,,,,
3,Расстегай с семгой,Меланж (битое яйцо 10 шт),,,,кг,"0,004",,"0,004",,"  0,0040 ",,"0,004",,,,,
4,Расстегай с семгой,"МАСЛО РАСТИТЕЛЬНОЕ (РАФ) 4,5л",,,,шт,"0,002",,"0,009",,"  0,0090 ",,"0,009",,,,,
5,Расстегай с семгой,фарш рыбный на пирожки (семга+рис+лук)  п/ф 1 кг,,,,кг,"0,055",,"0,055",,"  0,0550 ",,"0,055",,,,,
,,,,,,,,,,,,,,,,,,
ИТОГО,,,,,,,,,,,,,,,,,,
вес готового блюда (изделия) в расчете на,,,,,,,,,,"1,000 порц",,,,,,,,
,,,,,,,,,,,,,,,,,"0,1330",кг
,,,,,,,,,,,,,,,,,,
,,,,,,,,,,,,,,,,,,
,,,,,,,,,,,,,,,,,,
,Система автоматизации ресторанов iikoRMS,,,,,,,,,,,,,,,,,
,,,,,,,,,,,,,,,,,,
Сосиска в тесте,,,,,,,,,,,,,,,,,,
Технологическая карта № 191041975688728,,,,,,,,,,,,Название на чеке:,,,,,,
,,,,,,,,,,,,Сосиска в тесте,,,,,,
 27.06.2023,,,,,,,,,,,,,,,,,,
Область применения:,,,,,Любимая пекарня,,,,,,,,,,,,,
Хранение:,,,,,,,,,,,,,,,,,,
Срок Хранения:,,,,,,,,,,,,,,,,,,
Органолептические показатели:,,,,,,,,,,,,,,,,,,
,,,,,,,,,,,,,,,,,,
1,Сосиска в тесте,Тесто арбатское п/ф,,,,кг,"0,050",,"0,050",,"  0,0500 ",,"0,044","
ТРЕБОВАНИЯ К ОФОРМЛЕНИЮ, ПОДАЧЕ И РЕАЛИЗАЦИИ",,,,
2,Сосиска в тесте,МУКА ПШЕНИЧНАЯ 1C,,,,кг,"0,005",,"0,005",,"  0,0050 ",,"0,000",,,,,
3,Сосиска в тесте,Меланж (битое яйцо 10 шт),,,,кг,"0,004",,"0,004",,"  0,0040 ",,"0,004",,,,,
4,Сосиска в тесте,"МАСЛО РАСТИТЕЛЬНОЕ (РАФ) 4,5л",,,,шт,"0,000",,"0,002",,"  0,0020 ",,"0,000",,,,,
5,Сосиска в тесте,"СОСИСКИ (упаковка-0,8кг)",,,,упак,"0,069",,"0,055",,"  0,0550 ",,"0,055",,,,,
6,Сосиска в тесте,"МАСЛО РАСТИТЕЛЬНОЕ (РАФ) 4,5л",,,,шт,"0,000",,"0,002",,"  0,0020 ",,"0,002",,,,,
7,Сосиска в тесте,ПАКЕТЫ-МАЙКА  (500 шт),,,,шт,"1,000",,"0,000",,  -   ,,"0,000",,,,,
ИТОГО,,,,,,,,,,,,,,,,,,
вес готового блюда (изделия) в расчете на,,,,,,,,,,"1,000 порц",,,,,,,,
,,,,,,,,,,,,,,,,,"0,1043",кг
,,,,,,,,,,,,,,,,,,
,,,,,,,,,,,,,,,,,,
,,,,,,,,,,,,,,,,,,
,Система автоматизации ресторанов iikoRMS,,,,,,,,,,,,,,,,,
,,,,,,,,,,,,,,,,,,
Сосиска с сыром в тесте,,,,,,,,,,,,,,,,,,
Технологическая карта № 191041975688729,,,,,,,,,,,,Название на чеке:,,,,,,
,,,,,,,,,,,,Сосиска с сыром в тесте,,,,,,
 27.06.2023,,,,,,,,,,,,,,,,,,
Область применения:,,,,,Любимая пекарня,,,,,,,,,,,,,
Хранение:,,,,,,,,,,,,,,,,,,
Срок Хранения:,,,,,,,,,,,,,,,,,,
Органолептические показатели:,,,,,,,,,,,,,,,,,,
,,,,,,,,,,,,,,,,,,
1,Сосиска с сыром в тесте,Тесто арбатское п/ф,,,,кг,"0,060",,"0,060",,"  0,0600 ",,"0,052","
ТРЕБОВАНИЯ К ОФОРМЛЕНИЮ, ПОДАЧЕ И РЕАЛИЗАЦИИ",,,,
2,Сосиска с сыром в тесте,МУКА ПШЕНИЧНАЯ 1C,,,,кг,"0,005",,"0,005",,"  0,0050 ",,"0,000",,,,,
3,Сосиска с сыром в тесте,"МАСЛО РАСТИТЕЛЬНОЕ (РАФ) 4,5л",,,,шт,"0,000",,"0,002",,"  0,0020 ",,"0,000",,,,,
4,Сосиска с сыром в тесте,"СОСИСКИ (упаковка-0,8кг)",,,,упак,"0,069",,"0,055",,"  0,0550 ",,"0,048",,,,,
5,Сосиска с сыром в тесте,МАЙОНЕЗ,,,,кг,"0,005",,"0,005",,"  0,0050 ",,"0,004",,,,,
6,Сосиска с сыром в тесте,СЫР ТВЕРДЫЙ,,,,кг,"0,005",,"0,005",,"  0,0050 ",,"0,004",,,,,
7,Сосиска с сыром в тесте,Меланж (битое яйцо 10 шт),,,,кг,"0,003",,"0,003",,"  0,0030 ",,"0,003",,,,,
8,Сосиска с сыром в тесте,"МАСЛО РАСТИТЕЛЬНОЕ (РАФ) 4,5л",,,,шт,"0,000",,"0,002",,"  0,0020 ",,"0,002",,,,,
9,Сосиска с сыром в тесте,ПАКЕТЫ-МАЙКА  (500 шт),,,,шт,"1,000",,"0,000",,  -   ,,"0,000",,,,,
ИТОГО,,,,,,,,,,,,,,,,,,
вес готового блюда (изделия) в расчете на,,,,,,,,,,"1,000 порц",,,,,,,,
,,,,,,,,,,,,,,,,,"0,1131",кг
,,,,,,,,,,,,,,,,,,
,,,,,,,,,,,,,,,,,,
,,,,,,,,,,,,,,,,,,
,Система автоматизации ресторанов iikoRMS,,,,,,,,,,,,,,,,,
,,,,,,,,,,,,,,,,,,
Учпучмак,,,,,,,,,,,,,,,,,,
Технологическая карта № 191041975688739,,,,,,,,,,,,Название на чеке:,,,,,,
,,,,,,,,,,,,Учпучмак,,,,,,
 01.09.2022,,,,,,,,,,,,,,,,,,
Область применения:,,,,,Любимая пекарня,,,,,,,,,,,,,
Хранение:,,,,,,,,,,,,,,,,,,
Срок Хранения:,,,,,,,,,,,,,,,,,,
Органолептические показатели:,,,,,,,,,,,,,,,,,,
,,,,,,,,,,,,,,,,,,
1,Учпучмак,Тесто арбатское п/ф,,,,кг,"0,060",,"0,060",,"  0,0600 ",,"0,050","
ТРЕБОВАНИЯ К ОФОРМЛЕНИЮ, ПОДАЧЕ И РЕАЛИЗАЦИИ",,,,
2,Учпучмак,МУКА ПШЕНИЧНАЯ 1C,,,,кг,"0,005",,"0,005",,"  0,0050 ",,"0,000",,,,,
3,Учпучмак,Меланж (битое яйцо 10 шт),,,,кг,"0,004",,"0,004",,"  0,0040 ",,"0,004",,,,,
4,Учпучмак,"МАСЛО РАСТИТЕЛЬНОЕ (РАФ) 4,5л",,,,шт,"0,000",,"0,002",,"  0,0020 ",,"0,000",,,,,
5,Учпучмак,Фарш говяжий с картофелем кубиками п/ф 1 кг,,,,кг,"0,060",,"0,060",,"  0,0600 ",,"0,050",,,,,
6,Учпучмак,ПАКЕТЫ-МАЙКА  (500 шт),,,,шт,"1,000",,"0,000",,  -   ,,"0,000",,,,,
7,Учпучмак,СОЛЬ,,,,кг,"0,001",,"0,001",,"  0,0010 ",,"0,001",,,,,
8,Учпучмак,ПЕРЕЦ ЧЕРНЫЙ МОЛОТЫЙ,,,,кг,"0,001",,"0,001",,"  0,0010 ",,"0,001",,,,,
,,,,,,,,,,,,,,,,,,
ИТОГО,,,,,,,,,,,,,,,,,,
вес готового блюда (изделия) в расчете на,,,,,,,,,,"1,000 порц",,,,,,,,
,,,,,,,,,,,,,,,,,"0,1060",кг
,,,,,,,,,,,,,,,,,,
,,,,,,,,,,,,,,,,,,
,,,,,,,,,,,,,,,,,,
,Система автоматизации ресторанов iikoRMS,,,,,,,,,,,,,,,,,
,,,,,,,,,,,,,,,,,,
Шанежка провансаль,,,,,,,,,,,,,,,,,,
Технологическая карта № 191041975688732,,,,,,,,,,,,Название на чеке:,,,,,,
,,,,,,,,,,,,Шанежка провансаль,,,,,,
 19.03.2022,,,,,,,,,,,,,,,,,,
Область применения:,,,,,Любимая пекарня,,,,,,,,,,,,,
Хранение:,,,,,,,,,,,,,,,,,,
Срок Хранения:,,,,,,,,,,,,,,,,,,
Органолептические показатели:,,,,,,,,,,,,,,,,,,
,,,,,,,,,,,,,,,,,,
1,Шанежка провансаль,Тесто арбатское п/ф,,,,кг,"0,060",,"0,060",,"  0,0600 ",,"0,051","Формовка:  Тесто для приготовления шанег брать на разделку  только через 40 – 50мин после замеса .Тесто должно увеличиться в объеме  в 1,5-2 раза,быть мягким, Тесто делить на заготовки массой 60 гр, округлить .Тестовые заготовки укладывать на смазанный маслом плоский алюминиевый лист размеры 600х400 мм по 15 шт  (5 вдоль листа х 3 поперек листа), расстояние между заготовками 3-4 см, поставить в расстойку.

Расстойка Расстоечный шкаф Восход: Выставить регулятор температуры в положение 60. Воду в поддон наливать каждые 3 часа. Использовать проточную воду t=+20…+25°c. Время расстойки 30-40 мин. до максимального обьема, но еще упругого теста не опадающего при отделке

Выпечка Печь подовая: После расстойки выложить  на тестовую заготовку картофельный фарш  , поверхность фарша покрыть начинкой провансаль  20гр(провансаль 15гр и 5гр сыра)  всю  поверхность ,включая боковые  стороны ,поставить в печь. Выпекать при t=200°c ,время выпечки 12-15 мин. Убрать лист с готовой продукцией на стеллаж (шпилька).Смазать растительным маслом.
Температурный режим  для каждой печи подбирается  индивидуально.

Внимание!!!!
Картофельный фарш  ( п/ф приходит не заправленный молоком )– фарш размять , добавить на 960гр  - 50гр горячего молока, перемешать до однородной мягкой консистенции.
Если картофельный фарш  холодный (заправлен  молоком ) –фарш размять руками  до мягкой консистенции ,комочки размять  или протереть через сито, подогреть в микроволновой печи.
Загустевший  фарш разбавить горячей водой  на 1кг фарша 50гр горячей воды.





ТРЕБОВАНИЯ К ОФОРМЛЕНИЮ, ПОДАЧЕ И РЕАЛИЗАЦИИ",,,,
2,Шанежка провансаль,МУКА ПШЕНИЧНАЯ 1C,,,,кг,"0,005",,"0,005",,"  0,0050 ",,"0,004",,,,,
3,Шанежка провансаль,"МАСЛО РАСТИТЕЛЬНОЕ (РАФ) 4,5л",,,,шт,"0,000",,"0,001",,"  0,0010 ",,"0,001",,,,,
4,Шанежка провансаль,"МАСЛО РАСТИТЕЛЬНОЕ (РАФ) 4,5л",,,,шт,"0,001",,"0,004",,"  0,0040 ",,"0,000",,,,,
5,Шанежка провансаль,Пюре картофельное (картоф+ маргарин)  п/ф 1 кг,,,,кг,"0,040",,"0,040",,"  0,0400 ",,"0,034",,,,,
6,Шанежка провансаль,Начинка провансаль с сыром  п/ф 1 кг,,,,кг,"0,030",,"0,030",,"  0,0300 ",,"0,030",,,,,
7,Шанежка провансаль,ПАКЕТЫ-МАЙКА  (500 шт),,,,шт,"1,000",,"0,000",,  -   ,,"0,000",,,,,
8,,,,,,,,,,, ,,,,,,,
9,,,,,,,,,,, ,,,,,,,
10,,,,,,,,,,, ,,,,,,,
11,,,,,,,,,,, ,,,,,,,
12,,,,,,,,,,, ,,,,,,,
13,,,,,,,,,,, ,,,,,,,
14,,,,,,,,,,, ,,,,,,,
15,,,,,,,,,,, ,,,,,,,
16,,,,,,,,,,, ,,,,,,,
17,,,,,,,,,,, ,,,,,,,
18,,,,,,,,,,, ,,,,,,,
19,,,,,,,,,,, ,,,,,,,
20,,,,,,,,,,, ,,,,,,,
21,,,,,,,,,,, ,,,,,,,
22,,,,,,,,,,, ,,,,,,,
23,,,,,,,,,,, ,,,,,,,
24,,,,,,,,,,, ,,,,,,,
25,,,,,,,,,,, ,,,,,,,
26,,,,,,,,,,, ,,,,,,,
ИТОГО,,,,,,,,,,,,,,,,,,
вес готового блюда (изделия) в расчете на,,,,,,,,,,"1,000 порц",,,,,,,,
,,,,,,,,,,,,,,,,,"0,1197",кг
,,,,,,,,,,,,,,,,,,
,,,,,,,,,,,,,,,,,,
,,,,,,,,,,,,,,,,,,
,Система автоматизации ресторанов iikoRMS,,,,,,,,,,,,,,,,,
,,,,,,,,,,,,,,,,,,
Шанежка с сыром,,,,,,,,,,,,,,,,,,
Технологическая карта № 191041975688734,,,,,,,,,,,,Название на чеке:,,,,,,
,,,,,,,,,,,,Шанежка с сыром,,,,,,
 19.03.2022,,,,,,,,,,,,,,,,,,
Область применения:,,,,,Любимая пекарня,,,,,,,,,,,,,
Хранение:,,,,,,,,,,,,,,,,,,
Срок Хранения:,,,,,,,,,,,,,,,,,,
Органолептические показатели:,,,,,,,,,,,,,,,,,,
,,,,,,,,,,,,,,,,,,
1,Шанежка с сыром,Тесто арбатское п/ф,,,,кг,"0,060",,"0,060",,"  0,0600 ",,"0,050","
ТРЕБОВАНИЯ К ОФОРМЛЕНИЮ, ПОДАЧЕ И РЕАЛИЗАЦИИ",,,,
2,Шанежка с сыром,МУКА ПШЕНИЧНАЯ 1C,,,,кг,"0,005",,"0,005",,"  0,0050 ",,"0,005",,,,,
3,Шанежка с сыром,"МАСЛО РАСТИТЕЛЬНОЕ (РАФ) 4,5л",,,,шт,"0,000",,"0,002",,"  0,0020 ",,"0,000",,,,,
4,Шанежка с сыром,Начинка для шанежки с сыром п/ф 1 кг,,,,кг,"0,040",,"0,040",,"  0,0400 ",,"0,040",,,,,
5,Шанежка с сыром,"МАСЛО РАСТИТЕЛЬНОЕ (РАФ) 4,5л",,,,шт,"0,000",,"0,002",,"  0,0020 ",,"0,002",,,,,
6,Шанежка с сыром,ПАКЕТЫ-МАЙКА  (500 шт),,,,шт,"1,000",,"0,000",,  -   ,,"0,000",,,,,
ИТОГО,,,,,,,,,,,,,,,,,,
вес готового блюда (изделия) в расчете на,,,,,,,,,,"1,000 порц",,,,,,,,
,,,,,,,,,,,,,,,,,"0,0968",кг
,,,,,,,,,,,,,,,,,,
,,,,,,,,,,,,,,,,,,
,,,,,,,,,,,,,,,,,,
,Система автоматизации ресторанов iikoRMS,,,,,,,,,,,,,,,,,
,,,,,,,,,,,,,,,,,,
Булочка Французская,,,,,,,,,,,,,,,,,,
Технологическая карта № 19104197568923629428,,,,,,,,,,,,Название на чеке:,,,,,,
,,,,,,,,,,,,Булочка Французская,,,,,,
 01.09.2022,,,,,,,,,,,,,,,,,,
Область применения:,,,,,Любимая пекарня,,,,,,,,,,,,,
Хранение:,,,,,,,,,,,,,,,,,,
Срок Хранения:,,,,,,,,,,,,,,,,,,
Органолептические показатели:,,,,,,,,,,,,,,,,,,
,,,,,,,,,,,,,,,,,,
№,,Наименование продукта,,,,Ед. изм.,Брутто в ед. изм.,,"Вес брутто, кг",," Вес нетто или п/ф, кг",,"Вес готового продукта, кг",Технология приготовления,,,,
1,Булочка Французская,СЛОЙКА ДРОЖЖЕВАЯ,,,,кг,"1,085",,"1,085",,"  1,0850 ",,"1,085","
ТРЕБОВАНИЯ К ОФОРМЛЕНИЮ, ПОДАЧЕ И РЕАЛИЗАЦИИ",,,,
2,Булочка Французская,Крем Заварной Фрио на воде,,,,кг,"0,150",,"0,150",,"  0,1500 ",,"0,150",,,,,
3,Булочка Французская,ИЗЮМ ЧИЩЕННЫЙ,,,,кг,"0,150",,"0,150",,"  0,1500 ",,"0,150",,,,,
4,Булочка Французская,Меланж (битое яйцо 10 шт),,,,кг,"0,060",,"0,060",,"  0,0600 ",,"0,060",,,,,
5,Булочка Французская,Сироп для пропитки,,,,кг,"0,060",,"0,060",,"  0,0600 ",,"0,060",,,,,
6,Булочка Французская,Пакеты отрывные (500шт),,,,шт,"12,000",,"0,000",,  -   ,,"0,000",,,,,
ИТОГО,,,,,,,,,,,,,,,,,,
вес готового блюда (изделия) в расчете на,,,,,,,,,,"12,000 порц",,,,,,,,
,,,,,,,,,,,,,,,,,"1,5050",кг
,,,,,,,,,,,,,,,,,,
,,,,,,,,,,,,,,,,,,
,,,,,,,,,,,,,,,,,,
,Система автоматизации ресторанов iikoRMS,,,,,,,,,,,,,,,,,
,,,,,,,,,,,,,,,,,,
Датская булочка с маком,,,,,,,,,,,,,,,,,,
Технологическая карта № 19104197568923629872,,,,,,,,,,,,Название на чеке:,,,,,,
,,,,,,,,,,,,Датская булочка с маком,,,,,,
 05.11.2022,,,,,,,,,,,,,,,,,,
Область применения:,,,,,Любимая пекарня,,,,,,,,,,,,,
Хранение:,,,,,,,,,,,,,,,,,,
Срок Хранения:,,,,,,,,,,,,,,,,,,
Органолептические показатели:,,,,,,,,,,,,,,,,,,
,,,,,,,,,,,,,,,,,,
1,Датская булочка с маком,СЛОЙКА ДРОЖЖЕВАЯ,,,,кг,"1,085",,"1,085",,"  1,0850 ",,"1,085","
ТРЕБОВАНИЯ К ОФОРМЛЕНИЮ, ПОДАЧЕ И РЕАЛИЗАЦИИ",,,,
2,Датская булочка с маком,"НАЧИНКА МАКОВАЯ (готовая) 12,5",,,,кг,"0,250",,"0,250",,"  0,2500 ",,"0,250",,,,,
3,Датская булочка с маком,Штрейзельная крошка п/ф,,,,кг,"0,075",,"0,075",,"  0,0750 ",,"0,075",,,,,
4,Датская булочка с маком,"МАСЛО РАСТИТЕЛЬНОЕ (РАФ) 4,5л",,,,шт,"0,030",,"0,135",,"  0,1350 ",,"0,135",,,,,
5,Датская булочка с маком,Меланж (битое яйцо 10 шт),,,,кг,"0,075",,"0,075",,"  0,0750 ",,"0,075",,,,,
6,Датская булочка с маком,Пакеты отрывные (500шт),,,,шт,"15,000",,"0,000",,  -   ,,"0,000",,,,,
ИТОГО,,,,,,,,,,,,,,,,,,
вес готового блюда (изделия) в расчете на,,,,,,,,,,"15,000 порц",,,,,,,,
,,,,,,,,,,,,,,,,,"1,6200",кг
,,,,,,,,,,,,,,,,,,
,,,,,,,,,,,,,,,,,,
,,,,,,,,,,,,,,,,,,
,Система автоматизации ресторанов iikoRMS,,,,,,,,,,,,,,,,,
,,,,,,,,,,,,,,,,,,
Дениш с заварным кремом,,,,,,,,,,,,,,,,,,
Технологическая карта № 19104197568923641056,,,,,,,,,,,,Название на чеке:,,,,,,
,,,,,,,,,,,,Дениш с заварным кремом,,,,,,
 23.01.2023,,,,,,,,,,,,,,,,,,
Область применения:,,,,,Любимая пекарня,,,,,,,,,,,,,
Хранение:,,,,,,,,,,,,,,,,,,
Срок Хранения:,,,,,,,,,,,,,,,,,,
Органолептические показатели:,,,,,,,,,,,,,,,,,,
,,,,,,,,,,,,,,,,,,
1,Дениш с заварным кремом,СЛОЙКА ДРОЖЖЕВАЯ,,,,кг,"0,080",,"0,080",,"  0,0800 ",,"0,060","
ТРЕБОВАНИЯ К ОФОРМЛЕНИЮ, ПОДАЧЕ И РЕАЛИЗАЦИИ",,,,
2,Дениш с заварным кремом,Заварной крем на Дениши,,,,кг,"0,040",,"0,040",,"  0,0400 ",,"0,035",,,,,
3,Дениш с заварным кремом,Меланж (битое яйцо 10 шт),,,,кг,"0,004",,"0,004",,"  0,0040 ",,"0,000",,,,,
4,Дениш с заварным кремом,МУКА ПШЕНИЧНАЯ 1C,,,,кг,"0,005",,"0,005",,"  0,0050 ",,"0,000",,,,,
5,Дениш с заварным кремом,Сироп для пропитки,,,,кг,"0,005",,"0,005",,"  0,0050 ",,"0,000",,,,,
6,Дениш с заварным кремом,Пакеты отрывные (500шт),,,,шт,"1,000",,"0,000",,  -   ,,"0,000",,,,,
ИТОГО,,,,,,,,,,,,,,,,,,
вес готового блюда (изделия) в расчете на,,,,,,,,,,"1,000 порц",,,,,,,,
,,,,,,,,,,,,,,,,,"0,0950",кг
,,,,,,,,,,,,,,,,,,
,,,,,,,,,,,,,,,,,,
,,,,,,,,,,,,,,,,,,
,Система автоматизации ресторанов iikoRMS,,,,,,,,,,,,,,,,,
,,,,,,,,,,,,,,,,,,
Дениш с творогом,,,,,,,,,,,,,,,,,,
Технологическая карта № 19104197568923641062,,,,,,,,,,,,Название на чеке:,,,,,,
,,,,,,,,,,,,Дениш с творогом,,,,,,
 26.01.2023,,,,,,,,,,,,,,,,,,
Область применения:,,,,,Любимая пекарня,,,,,,,,,,,,,
Хранение:,,,,,,,,,,,,,,,,,,
Срок Хранения:,,,,,,,,,,,,,,,,,,
Органолептические показатели:,,,,,,,,,,,,,,,,,,
,,,,,,,,,,,,,,,,,,
1,Дениш с творогом,СЛОЙКА ДРОЖЖЕВАЯ,,,,кг,"0,080",,"0,080",,"  0,0800 ",,"0,060","
ТРЕБОВАНИЯ К ОФОРМЛЕНИЮ, ПОДАЧЕ И РЕАЛИЗАЦИИ",,,,
2,Дениш с творогом,Начинка творожная для розан с загустителем п/ф 1 кг,,,,кг,"0,040",,"0,040",,"  0,0400 ",,"0,035",,,,,
3,Дениш с творогом,Меланж (битое яйцо 10 шт),,,,кг,"0,004",,"0,004",,"  0,0040 ",,"0,000",,,,,
4,Дениш с творогом,МУКА ПШЕНИЧНАЯ 1C,,,,кг,"0,005",,"0,005",,"  0,0050 ",,"0,000",,,,,
5,Дениш с творогом,Сироп для пропитки,,,,кг,"0,005",,"0,005",,"  0,0050 ",,"0,000",,,,,
6,Дениш с творогом,Пакеты отрывные (500шт),,,,шт,"1,000",,"0,000",,  -   ,,"0,000",,,,,
ИТОГО,,,,,,,,,,,,,,,,,,
вес готового блюда (изделия) в расчете на,,,,,,,,,,"1,000 порц",,,,,,,,
,,,,,,,,,,,,,,,,,"0,0950",кг
,,,,,,,,,,,,,,,,,,
,,,,,,,,,,,,,,,,,,
,,,,,,,,,,,,,,,,,,
,Система автоматизации ресторанов iikoRMS,,,,,,,,,,,,,,,,,
,,,,,,,,,,,,,,,,,,
Дениш с яблоком,,,,,,,,,,,,,,,,,,
Технологическая карта № 19104197568923641061,,,,,,,,,,,,Название на чеке:,,,,,,
,,,,,,,,,,,,Дениш с яблоком,,,,,,
 26.01.2023,,,,,,,,,,,,,,,,,,
Область применения:,,,,,Любимая пекарня,,,,,,,,,,,,,
Хранение:,,,,,,,,,,,,,,,,,,
Срок Хранения:,,,,,,,,,,,,,,,,,,
Органолептические показатели:,,,,,,,,,,,,,,,,,,
,,,,,,,,,,,,,,,,,,
1,Дениш с яблоком,СЛОЙКА ДРОЖЖЕВАЯ,,,,кг,"0,080",,"0,080",,"  0,0800 ",,"0,060","
ТРЕБОВАНИЯ К ОФОРМЛЕНИЮ, ПОДАЧЕ И РЕАЛИЗАЦИИ",,,,
2,Дениш с яблоком,фарш яблочный п/ф 1 кг,,,,кг,"0,040",,"0,040",,"  0,0400 ",,"0,035",,,,,
3,Дениш с яблоком,Меланж (битое яйцо 10 шт),,,,кг,"0,004",,"0,004",,"  0,0040 ",,"0,000",,,,,
4,Дениш с яблоком,МУКА ПШЕНИЧНАЯ 1C,,,,кг,"0,005",,"0,005",,"  0,0050 ",,"0,000",,,,,
5,Дениш с яблоком,Сироп для пропитки,,,,кг,"0,005",,"0,005",,"  0,0050 ",,"0,000",,,,,
6,Дениш с яблоком,Пакеты отрывные (500шт),,,,шт,"1,000",,"0,000",,  -   ,,"0,000",,,,,
ИТОГО,,,,,,,,,,,,,,,,,,
вес готового блюда (изделия) в расчете на,,,,,,,,,,"1,000 порц",,,,,,,,
,,,,,,,,,,,,,,,,,"0,0950",кг
,,,,,,,,,,,,,,,,,,
,,,,,,,,,,,,,,,,,,
,,,,,,,,,,,,,,,,,,
,Система автоматизации ресторанов iikoRMS,,,,,,,,,,,,,,,,,
,,,,,,,,,,,,,,,,,,
Дениш сахарный,,,,,,,,,,,,,,,,,,
Технологическая карта № 19104197568923641063,,,,,,,,,,,,Название на чеке:,,,,,,
,,,,,,,,,,,,Дениш сахарный,,,,,,
 26.01.2023,,,,,,,,,,,,,,,,,,
Область применения:,,,,,Любимая пекарня,,,,,,,,,,,,,
Хранение:,,,,,,,,,,,,,,,,,,
Срок Хранения:,,,,,,,,,,,,,,,,,,
Органолептические показатели:,,,,,,,,,,,,,,,,,,
,,,,,,,,,,,,,,,,,,
1,Дениш сахарный,СЛОЙКА ДРОЖЖЕВАЯ,,,,кг,"0,080",,"0,080",,"  0,0800 ",,"0,060","
ТРЕБОВАНИЯ К ОФОРМЛЕНИЮ, ПОДАЧЕ И РЕАЛИЗАЦИИ",,,,
2,Дениш сахарный,САХАР ПЕСОК,,,,кг,"0,010",,"0,010",,"  0,0100 ",,"0,010",,,,,
3,Дениш сахарный,Меланж (битое яйцо 10 шт),,,,кг,"0,004",,"0,004",,  -   ,,"0,000",,,,,
4,Дениш сахарный,МУКА ПШЕНИЧНАЯ 1C,,,,кг,"0,005",,"0,005",,  -   ,,"0,000",,,,,
5,Дениш сахарный,Сироп для пропитки,,,,кг,"0,005",,"0,005",,  -   ,,"0,000",,,,,
6,Дениш сахарный,Пакеты отрывные (500шт),,,,шт,"1,000",,"0,000",,  -   ,,"0,000",,,,,
ИТОГО,,,,,,,,,,,,,,,,,,
вес готового блюда (изделия) в расчете на,,,,,,,,,,"1,000 порц",,,,,,,,
,,,,,,,,,,,,,,,,,"0,0700",кг
,,,,,,,,,,,,,,,,,,
,,,,,,,,,,,,,,,,,,
,,,,,,,,,,,,,,,,,,
,Система автоматизации ресторанов iikoRMS,,,,,,,,,,,,,,,,,
,,,,,,,,,,,,,,,,,,
КРУАССАН КЛАССИЧЕСКИЙ,,,,,,,,,,,,,,,,,,
Технологическая карта № 19104197568923630275,,,,,,,,,,,,Название на чеке:,,,,,,
,,,,,,,,,,,,КРУАССАН КЛАССИЧЕСКИЙ,,,,,,
 01.03.2021,,,,,,,,,,,,,,,,,,
Область применения:,,,,,Любимая пекарня,,,,,,,,,,,,,
Хранение:,,,,,,,,,,,,,,,,,,
Срок Хранения:,,,,,,,,,,,,,,,,,,
Органолептические показатели:,,,,,,,,,,,,,,,,,,
,,,,,,,,,,,,,,,,,,
1,КРУАССАН КЛАССИЧЕСКИЙ,СЛОЙКА ДРОЖЖЕВАЯ,,,,кг,"0,070",,"0,070",,"  0,0700 ",,"0,070","
ТРЕБОВАНИЯ К ОФОРМЛЕНИЮ, ПОДАЧЕ И РЕАЛИЗАЦИИ",,,,
2,КРУАССАН КЛАССИЧЕСКИЙ,Меланж (битое яйцо 10 шт),,,,кг,"0,004",,"0,004",,"  0,0040 ",,"0,004",,,,,
3,КРУАССАН КЛАССИЧЕСКИЙ,МУКА ПШЕНИЧНАЯ 1C,,,,кг,"0,005",,"0,005",,"  0,0050 ",,"0,005",,,,,
4,КРУАССАН КЛАССИЧЕСКИЙ,Пакеты отрывные (500шт),,,,шт,"1,000",,"0,000",,  -   ,,"0,000",,,,,
ИТОГО,,,,,,,,,,,,,,,,,,
вес готового блюда (изделия) в расчете на,,,,,,,,,,"1,000 порц",,,,,,,,
,,,,,,,,,,,,,,,,,"0,0790",кг
,,,,,,,,,,,,,,,,,,
,,,,,,,,,,,,,,,,,,
,,,,,,,,,,,,,,,,,,
,Система автоматизации ресторанов iikoRMS,,,,,,,,,,,,,,,,,
,,,,,,,,,,,,,,,,,,
Круассан с вареной сгущенкой,,,,,,,,,,,,,,,,,,
Технологическая карта № 191041975688757,,,,,,,,,,,,Название на чеке:,,,,,,
,,,,,,,,,,,,Круассан с вареной сгущенкой,,,,,,
 01.03.2021,,,,,,,,,,,,,,,,,,
Область применения:,,,,,Любимая пекарня,,,,,,,,,,,,,
Хранение:,,,,,,,,,,,,,,,,,,
Срок Хранения:,,,,,,,,,,,,,,,,,,
Органолептические показатели:,,,,,,,,,,,,,,,,,,
,,,,,,,,,,,,,,,,,,
1,Круассан с вареной сгущенкой,СЛОЙКА ДРОЖЖЕВАЯ,,,,кг,"0,070",,"0,070",,"  0,0700 ",,"0,056","
ТРЕБОВАНИЯ К ОФОРМЛЕНИЮ, ПОДАЧЕ И РЕАЛИЗАЦИИ",,,,
2,Круассан с вареной сгущенкой,Меланж (битое яйцо 10 шт),,,,кг,"0,004",,"0,004",,"  0,0040 ",,"0,000",,,,,
3,Круассан с вареной сгущенкой,СГУЩЕНКА ВАРЕНАЯ,,,,кг,"0,015",,"0,015",,"  0,0150 ",,"0,010",,,,,
4,Круассан с вареной сгущенкой,МУКА ПШЕНИЧНАЯ 1C,,,,кг,"0,005",,"0,005",,"  0,0050 ",,"0,000",,,,,
5,Круассан с вареной сгущенкой,САХАРНАЯ ПУДРА,,,,кг,"0,003",,"0,003",,"  0,0030 ",,"0,003",,,,,
6,Круассан с вареной сгущенкой,Пакеты отрывные (500шт),,,,шт,"1,000",,"0,000",,  -   ,,"0,000",,,,,
ИТОГО,,,,,,,,,,,,,,,,,,
вес готового блюда (изделия) в расчете на,,,,,,,,,,"1,000 порц",,,,,,,,
,,,,,,,,,,,,,,,,,"0,0690",кг
,,,,,,,,,,,,,,,,,,
,,,,,,,,,,,,,,,,,,
,,,,,,,,,,,,,,,,,,
,Система автоматизации ресторанов iikoRMS,,,,,,,,,,,,,,,,,
,,,,,,,,,,,,,,,,,,
КРУАССАН С ТВОРОГОМ,,,,,,,,,,,,,,,,,,
Технологическая карта № 19104197568923629283,,,,,,,,,,,,Название на чеке:,,,,,,
,,,,,,,,,,,,КРУАССАН С ТВОРОГОМ,,,,,,
 01.03.2021,,,,,,,,,,,,,,,,,,
Область применения:,,,,,Любимая пекарня,,,,,,,,,,,,,
Хранение:,,,,,,,,,,,,,,,,,,
Срок Хранения:,,,,,,,,,,,,,,,,,,
Органолептические показатели:,,,,,,,,,,,,,,,,,,
,,,,,,,,,,,,,,,,,,
1,КРУАССАН С ТВОРОГОМ,СЛОЙКА ДРОЖЖЕВАЯ,,,,кг,"0,070",,"0,070",,"  0,0700 ",,"0,070","
ТРЕБОВАНИЯ К ОФОРМЛЕНИЮ, ПОДАЧЕ И РЕАЛИЗАЦИИ",,,,
2,КРУАССАН С ТВОРОГОМ,Меланж (битое яйцо 10 шт),,,,кг,"0,004",,"0,004",,"  0,0040 ",,"0,000",,,,,
3,КРУАССАН С ТВОРОГОМ,Начинка творожная для розан с загустителем п/ф 1 кг,,,,кг,"0,020",,"0,020",,"  0,0200 ",,"0,020",,,,,
4,КРУАССАН С ТВОРОГОМ,МУКА ПШЕНИЧНАЯ 1C,,,,кг,"0,005",,"0,005",,"  0,0050 ",,"0,000",,,,,
5,КРУАССАН С ТВОРОГОМ,КУНЖУТ БЕЛЫЙ,,,,кг,"0,002",,"0,002",,"  0,0020 ",,"0,002",,,,,
6,КРУАССАН С ТВОРОГОМ,Пакеты отрывные (500шт),,,,шт,"1,000",,"0,000",,  -   ,,"0,000",,,,,
ИТОГО,,,,,,,,,,,,,,,,,,
вес готового блюда (изделия) в расчете на,,,,,,,,,,"1,000 порц",,,,,,,,
,,,,,,,,,,,,,,,,,"0,0920",кг
,,,,,,,,,,,,,,,,,,
,,,,,,,,,,,,,,,,,,
,,,,,,,,,,,,,,,,,,
,Система автоматизации ресторанов iikoRMS,,,,,,,,,,,,,,,,,
,,,,,,,,,,,,,,,,,,
Круассан с шоколадом,,,,,,,,,,,,,,,,,,
Технологическая карта № 191041975688758,,,,,,,,,,,,Название на чеке:,,,,,,
,,,,,,,,,,,,Круассан с шоколадом,,,,,,
 01.03.2021,,,,,,,,,,,,,,,,,,
Область применения:,,,,,Любимая пекарня,,,,,,,,,,,,,
Хранение:,,,,,,,,,,,,,,,,,,
Срок Хранения:,,,,,,,,,,,,,,,,,,
Органолептические показатели:,,,,,,,,,,,,,,,,,,
,,,,,,,,,,,,,,,,,,
1,Круассан с шоколадом,СЛОЙКА ДРОЖЖЕВАЯ,,,,кг,"0,070",,"0,070",,"  0,0700 ",,"0,056","
ТРЕБОВАНИЯ К ОФОРМЛЕНИЮ, ПОДАЧЕ И РЕАЛИЗАЦИИ",,,,
2,Круассан с шоколадом,Меланж (битое яйцо 10 шт),,,,кг,"0,004",,"0,004",,"  0,0040 ",,"0,000",,,,,
3,Круассан с шоколадом,ШОКОЛАДНАЯ НАЧИНКА ДЛЯ КРУАССАНОВ,,,,кг,"0,015",,"0,015",,"  0,0150 ",,"0,010",,,,,
4,Круассан с шоколадом,МУКА ПШЕНИЧНАЯ 1C,,,,кг,"0,005",,"0,005",,"  0,0050 ",,"0,000",,,,,
5,Круассан с шоколадом,"ГЛАЗУРЬ ШОКОЛАДНАЯ (Чипсы, монолит)",,,,кг,"0,005",,"0,005",,"  0,0050 ",,"0,005",,,,,
6,Круассан с шоколадом,Пакеты отрывные (500шт),,,,шт,"1,000",,"0,000",,  -   ,,"0,000",,,,,
ИТОГО,,,,,,,,,,,,,,,,,,
вес готового блюда (изделия) в расчете на,,,,,,,,,,"1,000 порц",,,,,,,,
,,,,,,,,,,,,,,,,,"0,0710",кг
,,,,,,,,,,,,,,,,,,
,,,,,,,,,,,,,,,,,,
,,,,,,,,,,,,,,,,,,
,Система автоматизации ресторанов iikoRMS,,,,,,,,,,,,,,,,,
,,,,,,,,,,,,,,,,,,
СЛОЙКА С АНАНАСОМ,,,,,,,,,,,,,,,,,,
Технологическая карта № 19104197568923629874,,,,,,,,,,,,Название на чеке:,,,,,,
,,,,,,,,,,,,СЛОЙКА С АНАНАСОМ,,,,,,
 01.03.2021,,,,,,,,,,,,,,,,,,
Область применения:,,,,,Любимая пекарня,,,,,,,,,,,,,
Хранение:,,,,,,,,,,,,,,,,,,
Срок Хранения:,,,,,,,,,,,,,,,,,,
Органолептические показатели:,,,,,,,,,,,,,,,,,,
,,,,,,,,,,,,,,,,,,
1,СЛОЙКА С АНАНАСОМ,СЛОЙКА ДРОЖЖЕВАЯ,,,,кг,"0,090",,"0,090",,"  0,0900 ",,"0,090","
ТРЕБОВАНИЯ К ОФОРМЛЕНИЮ, ПОДАЧЕ И РЕАЛИЗАЦИИ",,,,
2,СЛОЙКА С АНАНАСОМ,АНАНАС КОНСЕРВИРОВАННЫЙ 430 ГР,,,,шт,"0,023",,"0,010",,"  0,0100 ",,"0,010",,,,,
3,СЛОЙКА С АНАНАСОМ,МУКА ПШЕНИЧНАЯ 1C,,,,кг,"0,004",,"0,004",,"  0,0040 ",,"0,004",,,,,
4,СЛОЙКА С АНАНАСОМ,Меланж (битое яйцо 10 шт),,,,кг,"0,005",,"0,005",,"  0,0050 ",,"0,005",,,,,
5,СЛОЙКА С АНАНАСОМ,Крем Заварной Фрио на воде,,,,кг,"0,015",,"0,015",,"  0,0150 ",,"0,015",,,,,
6,СЛОЙКА С АНАНАСОМ,Пакеты отрывные (500шт),,,,шт,"1,000",,"0,000",,  -   ,,"0,000",,,,,
ИТОГО,,,,,,,,,,,,,,,,,,
вес готового блюда (изделия) в расчете на,,,,,,,,,,"1,000 порц",,,,,,,,
,,,,,,,,,,,,,,,,,"0,1240",кг
,,,,,,,,,,,,,,,,,,
,,,,,,,,,,,,,,,,,,
,,,,,,,,,,,,,,,,,,
,Система автоматизации ресторанов iikoRMS,,,,,,,,,,,,,,,,,
,,,,,,,,,,,,,,,,,,
СЛОЙКА С СЫРОМ,,,,,,,,,,,,,,,,,,
Технологическая карта № 19104197568923641169,,,,,,,,,,,,Название на чеке:,,,,,,
,,,,,,,,,,,,СЛОЙКА С СЫРОМ,,,,,,
 19.10.2023,,,,,,,,,,,,,,,,,,
Область применения:,,,,,Любимая пекарня,,,,,,,,,,,,,
Хранение:,,,,,,,,,,,,,,,,,,
Срок Хранения:,,,,,,,,,,,,,,,,,,
Органолептические показатели:,,,,,,,,,,,,,,,,,,
,,,,,,,,,,,,,,,,,,
1,СЛОЙКА С СЫРОМ,СЛОЙКА ДРОЖЖЕВАЯ,,,,кг,"0,100",,"0,100",,"  0,1000 ",,"0,100","
ТРЕБОВАНИЯ К ОФОРМЛЕНИЮ, ПОДАЧЕ И РЕАЛИЗАЦИИ",,,,
2,СЛОЙКА С СЫРОМ,Меланж (битое яйцо 10 шт),,,,кг,"0,004",,"0,004",,"  0,0040 ",,"0,004",,,,,
3,СЛОЙКА С СЫРОМ,МУКА ПШЕНИЧНАЯ 1C,,,,кг,"0,005",,"0,005",,"  0,0050 ",,"0,005",,,,,
4,СЛОЙКА С СЫРОМ,Сироп для пропитки,,,,кг,"0,005",,"0,005",,"  0,0050 ",,"0,005",,,,,
5,СЛОЙКА С СЫРОМ,Пакеты отрывные (500шт),,,,шт,"1,000",,"0,000",,  -   ,,"0,000",,,,,
6,СЛОЙКА С СЫРОМ,СЫР ТВЕРДЫЙ,,,,кг,"0,030",,"0,030",,"  0,0300 ",,"0,030",,,,,
ИТОГО,,,,,,,,,,,,,,,,,,
вес готового блюда (изделия) в расчете на,,,,,,,,,,"1,000 порц",,,,,,,,
,,,,,,,,,,,,,,,,,"0,1440",кг
,,,,,,,,,,,,,,,,,,
,,,,,,,,,,,,,,,,,,
,,,,,,,,,,,,,,,,,,
,Система автоматизации ресторанов iikoRMS,,,,,,,,,,,,,,,,,
,,,,,,,,,,,,,,,,,,
Слойка с яблоком,,,,,,,,,,,,,,,,,,
Технологическая карта № 19104197568923629908,,,,,,,,,,,,Название на чеке:,,,,,,
,,,,,,,,,,,,Слойка с яблоком,,,,,,
 01.09.2022,,,,,,,,,,,,,,,,,,
Область применения:,,,,,Любимая пекарня,,,,,,,,,,,,,
Хранение:,,,,,,,,,,,,,,,,,,
Срок Хранения:,,,,,,,,,,,,,,,,,,
Органолептические показатели:,,,,,,,,,,,,,,,,,,
,,,,,,,,,,,,,,,,,,
1,Слойка с яблоком,СЛОЙКА ДРОЖЖЕВАЯ,,,,кг,"0,075",,"0,075",,"  0,0750 ",,"0,075","
ТРЕБОВАНИЯ К ОФОРМЛЕНИЮ, ПОДАЧЕ И РЕАЛИЗАЦИИ",,,,
2,Слойка с яблоком,Яблоки очищенные без кожицы (Кубик/дольки) п/ф 1 кг,,,,кг,"0,030",,"0,030",,"  0,0300 ",,"0,030",,,,,
3,Слойка с яблоком,САХАР ПЕСОК,,,,кг,"0,005",,"0,005",,"  0,0050 ",,"0,005",,,,,
4,Слойка с яблоком,Меланж (битое яйцо 10 шт),,,,кг,"0,003",,"0,003",,"  0,0030 ",,"0,003",,,,,
5,Слойка с яблоком,МУКА ПШЕНИЧНАЯ 1C,,,,кг,"0,005",,"0,005",,"  0,0050 ",,"0,005",,,,,
6,Слойка с яблоком,Сироп для пропитки,,,,кг,"0,005",,"0,005",,"  0,0050 ",,"0,005",,,,,
7,Слойка с яблоком,Пакеты отрывные (500шт),,,,шт,"1,000",,"0,000",,  -   ,,"0,000",,,,,
8,Слойка с яблоком,ЗАГУСТИТЕЛЬ - САФТИЯ,,,,кг,"0,005",,"0,005",,"  0,0050 ",,"0,005",,,,,
ИТОГО,,,,,,,,,,,,,,,,,,
вес готового блюда (изделия) в расчете на,,,,,,,,,,"1,000 порц",,,,,,,,
,,,,,,,,,,,,,,,,,"0,1280",кг
,,,,,,,,,,,,,,,,,,
,,,,,,,,,,,,,,,,,,
,,,,,,,,,,,,,,,,,,
,Система автоматизации ресторанов iikoRMS,,,,,,,,,,,,,,,,,
,,,,,,,,,,,,,,,,,,
ШТРУДЕЛЬ С АБРИКОСОВЫМ ДЖЕМОМ,,,,,,,,,,,,,,,,,,
Технологическая карта № 19104197568923630294,,,,,,,,,,,,Название на чеке:,,,,,,
,,,,,,,,,,,,ШТРУДЕЛЬ С АБРИКОСОВЫМ ДЖЕМОМ,,,,,,
 01.03.2021,,,,,,,,,,,,,,,,,,
Область применения:,,,,,Любимая пекарня,,,,,,,,,,,,,
Хранение:,,,,,,,,,,,,,,,,,,
Срок Хранения:,,,,,,,,,,,,,,,,,,
Органолептические показатели:,,,,,,,,,,,,,,,,,,
,,,,,,,,,,,,,,,,,,
,,,,,,,,,,,,,,,,,,
1,ШТРУДЕЛЬ С АБРИКОСОВЫМ ДЖЕМОМ,СЛОЙКА ДРОЖЖЕВАЯ,,,,кг,"0,100",,"0,100",,"  0,1000 ",,"0,100","
ТРЕБОВАНИЯ К ОФОРМЛЕНИЮ, ПОДАЧЕ И РЕАЛИЗАЦИИ",,,,
2,ШТРУДЕЛЬ С АБРИКОСОВЫМ ДЖЕМОМ,КОНФИТЮР АБРИКОС 13 КГ,,,,кг,"0,030",,"0,030",,"  0,0300 ",,"0,030",,,,,
3,ШТРУДЕЛЬ С АБРИКОСОВЫМ ДЖЕМОМ,Меланж (битое яйцо 10 шт),,,,кг,"0,004",,"0,004",,"  0,0040 ",,"0,004",,,,,
4,ШТРУДЕЛЬ С АБРИКОСОВЫМ ДЖЕМОМ,МУКА ПШЕНИЧНАЯ 1C,,,,кг,"0,005",,"0,005",,"  0,0050 ",,"0,005",,,,,
5,ШТРУДЕЛЬ С АБРИКОСОВЫМ ДЖЕМОМ,Сироп для пропитки,,,,кг,"0,005",,"0,005",,"  0,0050 ",,"0,005",,,,,
6,ШТРУДЕЛЬ С АБРИКОСОВЫМ ДЖЕМОМ,Пакеты отрывные (500шт),,,,шт,"1,000",,"0,000",,  -   ,,"0,000",,,,,
ИТОГО,,,,,,,,,,,,,,,,,,
вес готового блюда (изделия) в расчете на,,,,,,,,,,"1,000 порц",,,,,,,,
,,,,,,,,,,,,,,,,,"0,1440",кг
,,,,,,,,,,,,,,,,,,
,,,,,,,,,,,,,,,,,,
,,,,,,,,,,,,,,,,,,
,Система автоматизации ресторанов iikoRMS,,,,,,,,,,,,,,,,,
,,,,,,,,,,,,,,,,,,
ШТРУДЕЛЬ С ВИШНЕЙ И ТВОРОГОМ,,,,,,,,,,,,,,,,,,
Технологическая карта № 19104197568923630293,,,,,,,,,,,,Название на чеке:,,,,,,
,,,,,,,,,,,,ШТРУДЕЛЬ С ВИШНЕЙ И ТВОРОГОМ,,,,,,
 01.03.2021,,,,,,,,,,,,,,,,,,
Область применения:,,,,,Любимая пекарня,,,,,,,,,,,,,
Хранение:,,,,,,,,,,,,,,,,,,
Срок Хранения:,,,,,,,,,,,,,,,,,,
Органолептические показатели:,,,,,,,,,,,,,,,,,,
,,,,,,,,,,,,,,,,,,
1,ШТРУДЕЛЬ С ВИШНЕЙ И ТВОРОГОМ,СЛОЙКА ДРОЖЖЕВАЯ,,,,кг,"0,100",,"0,100",,"  0,1000 ",,"0,100","
ТРЕБОВАНИЯ К ОФОРМЛЕНИЮ, ПОДАЧЕ И РЕАЛИЗАЦИИ",,,,
2,ШТРУДЕЛЬ С ВИШНЕЙ И ТВОРОГОМ,Начинка творожная для розан с загустителем п/ф 1 кг,,,,кг,"0,030",,"0,030",,"  0,0300 ",,"0,030",,,,,
3,ШТРУДЕЛЬ С ВИШНЕЙ И ТВОРОГОМ,Меланж (битое яйцо 10 шт),,,,кг,"0,004",,"0,004",,"  0,0040 ",,"0,004",,,,,
4,ШТРУДЕЛЬ С ВИШНЕЙ И ТВОРОГОМ,МУКА ПШЕНИЧНАЯ 1C,,,,кг,"0,005",,"0,005",,"  0,0050 ",,"0,005",,,,,
5,ШТРУДЕЛЬ С ВИШНЕЙ И ТВОРОГОМ,ВИШНЯ С\М,,,,кг,"0,008",,"0,008",,"  0,0080 ",,"0,008",,,,,
6,ШТРУДЕЛЬ С ВИШНЕЙ И ТВОРОГОМ,Сироп для пропитки,,,,кг,"0,005",,"0,005",,"  0,0050 ",,"0,005",,,,,
7,ШТРУДЕЛЬ С ВИШНЕЙ И ТВОРОГОМ,Пакеты отрывные (500шт),,,,шт,"1,000",,"0,000",,  -   ,,"0,000",,,,,
ИТОГО,,,,,,,,,,,,,,,,,,
вес готового блюда (изделия) в расчете на,,,,,,,,,,"1,000 порц",,,,,,,,
,,,,,,,,,,,,,,,,,"0,1520",кг
,,,,,,,,,,,,,,,,,,
,,,,,,,,,,,,,,,,,,
,,,,,,,,,,,,,,,,,,
,Система автоматизации ресторанов iikoRMS,,,,,,,,,,,,,,,,,
,,,,,,,,,,,,,,,,,,
ШТРУДЕЛЬ С ТВОРОГОМ,,,,,,,,,,,,,,,,,,
Технологическая карта № 19104197568923630277,,,,,,,,,,,,Название на чеке:,,,,,,
,,,,,,,,,,,,ШТРУДЕЛЬ С ТВОРОГОМ,,,,,,
 01.03.2021,,,,,,,,,,,,,,,,,,
Область применения:,,,,,Любимая пекарня,,,,,,,,,,,,,
Хранение:,,,,,,,,,,,,,,,,,,
Срок Хранения:,,,,,,,,,,,,,,,,,,
Органолептические показатели:,,,,,,,,,,,,,,,,,,
,,,,,,,,,,,,,,,,,,
1,ШТРУДЕЛЬ С ТВОРОГОМ,СЛОЙКА ДРОЖЖЕВАЯ,,,,кг,"0,100",,"0,100",,"  0,1000 ",,"0,100","
ТРЕБОВАНИЯ К ОФОРМЛЕНИЮ, ПОДАЧЕ И РЕАЛИЗАЦИИ",,,,
2,ШТРУДЕЛЬ С ТВОРОГОМ,Начинка творожная для розан с загустителем п/ф 1 кг,,,,кг,"0,030",,"0,030",,"  0,0300 ",,"0,030",,,,,
3,ШТРУДЕЛЬ С ТВОРОГОМ,Меланж (битое яйцо 10 шт),,,,кг,"0,004",,"0,004",,"  0,0040 ",,"0,004",,,,,
4,ШТРУДЕЛЬ С ТВОРОГОМ,МУКА ПШЕНИЧНАЯ 1C,,,,кг,"0,005",,"0,005",,"  0,0050 ",,"0,005",,,,,
5,ШТРУДЕЛЬ С ТВОРОГОМ,Сироп для пропитки,,,,кг,"0,005",,"0,005",,"  0,0050 ",,"0,005",,,,,
6,ШТРУДЕЛЬ С ТВОРОГОМ,Пакеты отрывные (500шт),,,,шт,"1,000",,"0,000",,  -   ,,"0,000",,,,,
ИТОГО,,,,,,,,,,,,,,,,,,
вес готового блюда (изделия) в расчете на,,,,,,,,,,"1,000 порц",,,,,,,,
,,,,,,,,,,,,,,,,,"0,1440",кг
,,,,,,,,,,,,,,,,,,
,,,,,,,,,,,,,,,,,,
,,,,,,,,,,,,,,,,,,
,Система автоматизации ресторанов iikoRMS,,,,,,,,,,,,,,,,,
,,,,,,,,,,,,,,,,,,
Штрудель яблочный,,,,,,,,,,,,,,,,,,
Технологическая карта № 19104197568923641127,,,,,,,,,,,,Название на чеке:,,,,,,
,,,,,,,,,,,,Штрудель яблочный,,,,,,
 22.06.2023,,,,,,,,,,,,,,,,,,
Область применения:,,,,,Любимая пекарня,,,,,,,,,,,,,
Хранение:,,,,,,,,,,,,,,,,,,
Срок Хранения:,,,,,,,,,,,,,,,,,,
Органолептические показатели:,,,,,,,,,,,,,,,,,,
,,,,,,,,,,,,,,,,,,
1,Штрудель яблочный,Тесто Слойка пресная 1кг,,,,кг,"0,175",,"0,175",,"  0,1750 ",,"0,175","
ТРЕБОВАНИЯ К ОФОРМЛЕНИЮ, ПОДАЧЕ И РЕАЛИЗАЦИИ",,,,
2,Штрудель яблочный,Начинка на штрудель,,,,кг,"0,175",,"0,175",,"  0,1750 ",,"0,175",,,,,
3,Штрудель яблочный,САХАРНАЯ ПУДРА,,,,кг,"0,050",,"0,050",,"  0,0500 ",,"0,050",,,,,
ИТОГО,,,,,,,,,,,,,,,,,,
вес готового блюда (изделия) в расчете на,,,,,,,,,,"1,000 порц",,,,,,,,
,,,,,,,,,,,,,,,,,"0,4000",кг
,,,,,,,,,,,,,,,,,,
,,,,,,,,,,,,,,,,,,
,,,,,,,,,,,,,,,,,,
,Система автоматизации ресторанов iikoRMS,,,,,,,,,,,,,,,,,
,,,,,,,,,,,,,,,,,,
Булочка дорожная,,,,,,,,,,,,,,,,,,
Технологическая карта № 19104197568923629767,,,,,,,,,,,,Название на чеке:,,,,,,
,,,,,,,,,,,,Булочка дорожная,,,,,,
 11.04.2021,,,,,,,,,,,,,,,,,,
Область применения:,,,,,Любимая пекарня,,,,,,,,,,,,,
Хранение:,,,,,,,,,,,,,,,,,,
Срок Хранения:,,,,,,,,,,,,,,,,,,
Органолептические показатели:,,,,,,,,,,,,,,,,,,
,,,,,,,,,,,,,,,,,,
1,Булочка дорожная,Тесто Сдобное п/ф,,,,кг,"0,450",,"0,450",,"  0,4500 ",,"0,450","
ТРЕБОВАНИЯ К ОФОРМЛЕНИЮ, ПОДАЧЕ И РЕАЛИЗАЦИИ",,,,
2,Булочка дорожная,Штрейзельная крошка п/ф,,,,кг,"0,050",,"0,050",,"  0,0500 ",,"0,050",,,,,
3,Булочка дорожная,Меланж (битое яйцо 10 шт),,,,кг,"0,025",,"0,025",,"  0,0250 ",,"0,025",,,,,
4,Булочка дорожная,САХАРНАЯ ПУДРА,,,,кг,"0,015",,"0,015",,"  0,0150 ",,"0,015",,,,,
5,Булочка дорожная,"МАСЛО РАСТИТЕЛЬНОЕ (РАФ) 4,5л",,,,шт,"0,000",,"0,002",,"  0,0020 ",,"0,002",,,,,
6,Булочка дорожная,Пакеты отрывные (500шт),,,,шт,"5,000",,"0,000",,  -   ,,"0,000",,,,,
ИТОГО,,,,,,,,,,,,,,,,,,
вес готового блюда (изделия) в расчете на,,,,,,,,,,"5,000 порц",,,,,,,,
,,,,,,,,,,,,,,,,,"0,5418",кг
,,,,,,,,,,,,,,,,,,
,,,,,,,,,,,,,,,,,,
,,,,,,,,,,,,,,,,,,
,Система автоматизации ресторанов iikoRMS,,,,,,,,,,,,,,,,,
,,,,,,,,,,,,,,,,,,
Булочка карамельная,,,,,,,,,,,,,,,,,,
Технологическая карта № 19104197568923641215,,,,,,,,,,,,Название на чеке:,,,,,,
,,,,,,,,,,,,Булочка карамельная,,,,,,
 06.08.2024,,,,,,,,,,,,,,,,,,
Область применения:,,,,,Любимая пекарня,,,,,,,,,,,,,
Хранение:,,,,,,,,,,,,,,,,,,
Срок Хранения:,,,,,,,,,,,,,,,,,,
Органолептические показатели:,,,,,,,,,,,,,,,,,,
,,,,,,,,,,,,,,,,,,
1,Булочка карамельная,Тесто Сдобное п/ф,,,,кг,"0,070",,"0,070",,"  0,0700 ",,"0,070","
ТРЕБОВАНИЯ К ОФОРМЛЕНИЮ, ПОДАЧЕ И РЕАЛИЗАЦИИ",,,,
2,Булочка карамельная,Карамель сникерс заготовка,,,,кг,"0,020",,"0,020",,"  0,0200 ",,"0,020",,,,,
3,Булочка карамельная,Помадка для карамельной булочки,,,,кг,"0,015",,"0,015",,"  0,0150 ",,"0,015",,,,,
4,Булочка карамельная,Штрейзельная крошка п/ф,,,,кг,"0,015",,"0,015",,"  0,0150 ",,"0,015",,,,,
,,,,,,,,,,,,,,,,,,
ИТОГО,,,,,,,,,,,,,,,,,,
вес готового блюда (изделия) в расчете на,,,,,,,,,,"1,000 порц",,,,,,,,
,,,,,,,,,,,,,,,,,"0,1200",кг
,,,,,,,,,,,,,,,,,,
,,,,,,,,,,,,,,,,,,
,,,,,,,,,,,,,,,,,,
,Система автоматизации ресторанов iikoRMS,,,,,,,,,,,,,,,,,
,,,,,,,,,,,,,,,,,,
Булочка косичка с изюмом,,,,,,,,,,,,,,,,,,
Технологическая карта № 19104197568923629753,,,,,,,,,,,,Название на чеке:,,,,,,
,,,,,,,,,,,,Булочка косичка с изюмом,,,,,,
 11.04.2021,,,,,,,,,,,,,,,,,,
Область применения:,,,,,Любимая пекарня,,,,,,,,,,,,,
Хранение:,,,,,,,,,,,,,,,,,,
Срок Хранения:,,,,,,,,,,,,,,,,,,
Органолептические показатели:,,,,,,,,,,,,,,,,,,
,,,,,,,,,,,,,,,,,,
1,Булочка косичка с изюмом,Тесто Сдобное п/ф,,,,кг,"0,540",,"0,540",,"  0,5400 ",,"0,540","
ТРЕБОВАНИЯ К ОФОРМЛЕНИЮ, ПОДАЧЕ И РЕАЛИЗАЦИИ",,,,
2,Булочка косичка с изюмом,Крем Заварной Фрио на воде,,,,кг,"0,180",,"0,180",,"  0,1800 ",,"0,180",,,,,
3,Булочка косичка с изюмом,САХАРНАЯ ПУДРА,,,,кг,"0,030",,"0,030",,"  0,0300 ",,"0,030",,,,,
4,Булочка косичка с изюмом,Сироп для пропитки,,,,кг,"0,060",,"0,060",,"  0,0600 ",,"0,060",,,,,
5,Булочка косичка с изюмом,ИЗЮМ ЧИЩЕННЫЙ,,,,кг,"0,036",,"0,036",,"  0,0360 ",,"0,036",,,,,
6,Булочка косичка с изюмом,"МАСЛО РАСТИТЕЛЬНОЕ (РАФ) 4,5л",,,,шт,"0,000",,"0,002",,"  0,0020 ",,"0,002",,,,,
7,Булочка косичка с изюмом,"МАСЛО РАСТИТЕЛЬНОЕ (РАФ) 4,5л",,,,шт,"0,001",,"0,005",,"  0,0050 ",,"0,005",,,,,
8,Булочка косичка с изюмом,Пакеты отрывные (500шт),,,,шт,"6,000",,"0,000",,  -   ,,"0,000",,,,,
ИТОГО,,,,,,,,,,,,,,,,,,
вес готового блюда (изделия) в расчете на,,,,,,,,,,"6,000 порц",,,,,,,,
,,,,,,,,,,,,,,,,,"0,8528",кг
,,,,,,,,,,,,,,,,,,
,,,,,,,,,,,,,,,,,,
,,,,,,,,,,,,,,,,,,
,Система автоматизации ресторанов iikoRMS,,,,,,,,,,,,,,,,,
,,,,,,,,,,,,,,,,,,
Булочка косичка с нутелой и арахисом,,,,,,,,,,,,,,,,,,
Технологическая карта № 19104197568923641115,,,,,,,,,,,,Название на чеке:,,,,,,
,,,,,,,,,,,,Булочка косичка с нутелой и арахисом,,,,,,
 11.07.2023,,,,,,,,,,,,,,,,,,
Область применения:,,,,,Любимая пекарня,,,,,,,,,,,,,
Хранение:,,,,,,,,,,,,,,,,,,
Срок Хранения:,,,,,,,,,,,,,,,,,,
Органолептические показатели:,,,,,,,,,,,,,,,,,,
,,,,,,,,,,,,,,,,,,
,,,,,,,,,,,,,,,,,,
1,Булочка косичка с нутелой и арахисом,Тесто Сдобное п/ф,,,,кг,"0,540",,"0,540",,"  0,5400 ",,"0,540","
ТРЕБОВАНИЯ К ОФОРМЛЕНИЮ, ПОДАЧЕ И РЕАЛИЗАЦИИ",,,,
2,Булочка косичка с нутелой и арахисом,Сироп для пропитки,,,,кг,"0,060",,"0,060",,"  0,0600 ",,"0,060",,,,,
3,Булочка косичка с нутелой и арахисом,"МАСЛО РАСТИТЕЛЬНОЕ (РАФ) 4,5л",,,,шт,"0,000",,"0,002",,"  0,0020 ",,"0,002",,,,,
4,Булочка косичка с нутелой и арахисом,"МАСЛО РАСТИТЕЛЬНОЕ (РАФ) 4,5л",,,,шт,"0,001",,"0,005",,"  0,0050 ",,"0,005",,,,,
5,Булочка косичка с нутелой и арахисом,Пакеты отрывные (500шт),,,,шт,"6,000",,"0,000",,  -   ,,"0,000",,,,,
6,Булочка косичка с нутелой и арахисом,НАЧИНКА ФУНДУК КАКАО,,,,кг,"0,120",,"0,120",,"  0,1200 ",,"0,120",,,,,
7,Булочка косичка с нутелой и арахисом,АРАХИС ОБЖАРЕННЫЙ ДРОБЛЕННЫЙ,,,,кг,"0,030",,"0,030",,"  0,0300 ",,"0,030",,,,,
,,,,,,,,,,,,,,,,,,
ИТОГО,,,,,,,,,,,,,,,,,,
вес готового блюда (изделия) в расчете на,,,,,,,,,,"6,000 порц",,,,,,,,
,,,,,,,,,,,,,,,,,"0,7568",кг
,,,,,,,,,,,,,,,,,,
,,,,,,,,,,,,,,,,,,
,,,,,,,,,,,,,,,,,,
,Система автоматизации ресторанов iikoRMS,,,,,,,,,,,,,,,,,
,,,,,,,,,,,,,,,,,,
Булочка с клубничным джемом,,,,,,,,,,,,,,,,,,
Технологическая карта № 19104197568923641213,,,,,,,,,,,,Название на чеке:,,,,,,
,,,,,,,,,,,,Булочка с клубничным джемом,,,,,,
 06.08.2024,,,,,,,,,,,,,,,,,,
Область применения:,,,,,Любимая пекарня,,,,,,,,,,,,,
Хранение:,,,,,,,,,,,,,,,,,,
Срок Хранения:,,,,,,,,,,,,,,,,,,
Органолептические показатели:,,,,,,,,,,,,,,,,,,
,,,,,,,,,,,,,,,,,,
1,Булочка с клубничным джемом,Тесто Сдобное п/ф,,,,кг,"0,070",,"0,070",,"  0,0700 ",,"0,070","
ТРЕБОВАНИЯ К ОФОРМЛЕНИЮ, ПОДАЧЕ И РЕАЛИЗАЦИИ",,,,
2,Булочка с клубничным джемом,КОНФИТЮР Клубника с яблоком 13 кг,,,,кг,"0,030",,"0,030",,"  0,0300 ",,"0,030",,,,,
3,Булочка с клубничным джемом,Помадка для клубничной булочки,,,,кг,"0,015",,"0,015",,"  0,0150 ",,"0,015",,,,,
,,,,,,,,,,,,,,,,,,
ИТОГО,,,,,,,,,,,,,,,,,,
вес готового блюда (изделия) в расчете на,,,,,,,,,,"1,000 порц",,,,,,,,
,,,,,,,,,,,,,,,,,"0,1150",кг
,,,,,,,,,,,,,,,,,,
,,,,,,,,,,,,,,,,,,
,,,,,,,,,,,,,,,,,,
,Система автоматизации ресторанов iikoRMS,,,,,,,,,,,,,,,,,
,,,,,,,,,,,,,,,,,,
Булочка с корицей и яблоком,,,,,,,,,,,,,,,,,,
Технологическая карта № 19104197568923641205,,,,,,,,,,,,Название на чеке:,,,,,,
,,,,,,,,,,,,Булочка с корицей и яблоком,,,,,,
 09.04.2024,,,,,,,,,,,,,,,,,,
Область применения:,,,,,Любимая пекарня,,,,,,,,,,,,,
Хранение:,,,,,,,,,,,,,,,,,,
Срок Хранения:,,,,,,,,,,,,,,,,,,
Органолептические показатели:,,,,,,,,,,,,,,,,,,
,,,,,,,,,,,,,,,,,,
1,Булочка с корицей и яблоком,Тесто Сдобное п/ф,,,,кг,"0,060",,"0,060",,"  0,0600 ",,"0,060","
ТРЕБОВАНИЯ К ОФОРМЛЕНИЮ, ПОДАЧЕ И РЕАЛИЗАЦИИ",,,,
2,Булочка с корицей и яблоком,фарш яблочный п/ф 1 кг,,,,кг,"0,040",,"0,040",,"  0,0400 ",,"0,040",,,,,
3,Булочка с корицей и яблоком,КОРИЦА МОЛОТАЯ,,,,кг,"0,003",,"0,003",,"  0,0030 ",,"0,003",,,,,
4,Булочка с корицей и яблоком,Помадка для булочек,,,,кг,"0,015",,"0,015",,"  0,0150 ",,"0,015",,,,,
ИТОГО,,,,,,,,,,,,,,,,,,
вес готового блюда (изделия) в расчете на,,,,,,,,,,"1,000 порц",,,,,,,,
,,,,,,,,,,,,,,,,,"0,1180",кг
,,,,,,,,,,,,,,,,,,
,,,,,,,,,,,,,,,,,,
,,,,,,,,,,,,,,,,,,
,Система автоматизации ресторанов iikoRMS,,,,,,,,,,,,,,,,,
,,,,,,,,,,,,,,,,,,
Булочка сахарная,,,,,,,,,,,,,,,,,,
Технологическая карта № 19104197568923629768,,,,,,,,,,,,Название на чеке:,,,,,,
,,,,,,,,,,,,Булочка сахарная,,,,,,
 01.03.2021,,,,,,,,,,,,,,,,,,
Область применения:,,,,,Любимая пекарня,,,,,,,,,,,,,
Хранение:,,,,,,,,,,,,,,,,,,
Срок Хранения:,,,,,,,,,,,,,,,,,,
Органолептические показатели:,,,,,,,,,,,,,,,,,,
,,,,,,,,,,,,,,,,,,
1,Булочка сахарная,Тесто Сдобное п/ф,,,,кг,"0,500",,"0,500",,"  0,5000 ",,"0,500","
ТРЕБОВАНИЯ К ОФОРМЛЕНИЮ, ПОДАЧЕ И РЕАЛИЗАЦИИ",,,,
2,Булочка сахарная,Меланж (битое яйцо 10 шт),,,,кг,"0,025",,"0,025",,"  0,0250 ",,"0,025",,,,,
3,Булочка сахарная,САХАР ПЕСОК,,,,кг,"0,025",,"0,025",,"  0,0250 ",,"0,025",,,,,
4,Булочка сахарная,"МАСЛО РАСТИТЕЛЬНОЕ (РАФ) 4,5л",,,,шт,"0,000",,"0,002",,"  0,0020 ",,"0,002",,,,,
5,Булочка сахарная,Пакеты отрывные (500шт),,,,шт,"5,000",,"0,000",,  -   ,,"0,000",,,,,
ИТОГО,,,,,,,,,,,,,,,,,,
вес готового блюда (изделия) в расчете на,,,,,,,,,,"5,000 порц",,,,,,,,
,,,,,,,,,,,,,,,,,"0,5518",кг
,,,,,,,,,,,,,,,,,,
,,,,,,,,,,,,,,,,,,
,,,,,,,,,,,,,,,,,,
,Система автоматизации ресторанов iikoRMS,,,,,,,,,,,,,,,,,
,,,,,,,,,,,,,,,,,,
Булочка Улитка с корицей,,,,,,,,,,,,,,,,,,
Технологическая карта № 191041975688745,,,,,,,,,,,,Название на чеке:,,,,,,
,,,,,,,,,,,,Булочка Улитка с корицей,,,,,,
 11.04.2021,,,,,,,,,,,,,,,,,,
Область применения:,,,,,Любимая пекарня,,,,,,,,,,,,,
Хранение:,,,,,,,,,,,,,,,,,,
Срок Хранения:,,,,,,,,,,,,,,,,,,
Органолептические показатели:,,,,,,,,,,,,,,,,,,
,,,,,,,,,,,,,,,,,,
1,Булочка Улитка с корицей,Тесто Сдобное п/ф,,,,кг,"0,080",,"0,080",,"  0,0800 ",,"0,073","
ТРЕБОВАНИЯ К ОФОРМЛЕНИЮ, ПОДАЧЕ И РЕАЛИЗАЦИИ",,,,
2,Булочка Улитка с корицей,МУКА ПШЕНИЧНАЯ 1C,,,,кг,"0,005",,"0,005",,"  0,0050 ",,"0,000",,,,,
3,Булочка Улитка с корицей,Меланж (битое яйцо 10 шт),,,,кг,"0,005",,"0,005",,"  0,0050 ",,"0,005",,,,,
4,Булочка Улитка с корицей,"МАСЛО РАСТИТЕЛЬНОЕ (РАФ) 4,5л",,,,шт,"0,001",,"0,005",,"  0,0050 ",,"0,000",,,,,
5,Булочка Улитка с корицей,"МАСЛО РАСТИТЕЛЬНОЕ (РАФ) 4,5л",,,,шт,"0,000",,"0,002",,"  0,0020 ",,"0,002",,,,,
6,Булочка Улитка с корицей,Смесь корица с сахаром п/ф 1 кг,,,,кг,"0,010",,"0,010",,"  0,0100 ",,"0,000",,,,,
7,Булочка Улитка с корицей,Пакеты отрывные (500шт),,,,шт,"1,000",,"0,000",,  -   ,,"0,000",,,,,
ИТОГО,,,,,,,,,,,,,,,,,,
вес готового блюда (изделия) в расчете на,,,,,,,,,,"1,000 порц",,,,,,,,
,,,,,,,,,,,,,,,,,"0,0795",кг
,,,,,,,,,,,,,,,,,,
,,,,,,,,,,,,,,,,,,
,,,,,,,,,,,,,,,,,,
,Система автоматизации ресторанов iikoRMS,,,,,,,,,,,,,,,,,
,,,,,,,,,,,,,,,,,,
Булочка Улитка с маком,,,,,,,,,,,,,,,,,,
Технологическая карта № 19104197568923630384,,,,,,,,,,,,Название на чеке:,,,,,,
,,,,,,,,,,,,Булочка Улитка с маком,,,,,,
 01.09.2022,,,,,,,,,,,,,,,,,,
Область применения:,,,,,Любимая пекарня,,,,,,,,,,,,,
Хранение:,,,,,,,,,,,,,,,,,,
Срок Хранения:,,,,,,,,,,,,,,,,,,
Органолептические показатели:,,,,,,,,,,,,,,,,,,
,,,,,,,,,,,,,,,,,,
1,Булочка Улитка с маком,Тесто Сдобное п/ф,,,,кг,"0,700",,"0,700",,"  0,7000 ",,"0,539","
ТРЕБОВАНИЯ К ОФОРМЛЕНИЮ, ПОДАЧЕ И РЕАЛИЗАЦИИ",,,,
2,Булочка Улитка с маком,МУКА ПШЕНИЧНАЯ 1C,,,,кг,"0,022",,"0,022",,"  0,0220 ",,"0,022",,,,,
3,Булочка Улитка с маком,"МАСЛО РАСТИТЕЛЬНОЕ (РАФ) 4,5л",,,,шт,"0,005",,"0,022",,"  0,0220 ",,"0,000",,,,,
4,Булочка Улитка с маком,Сироп для пропитки,,,,кг,"0,020",,"0,020",,"  0,0200 ",,"0,020",,,,,
5,Булочка Улитка с маком,"НАЧИНКА МАКОВАЯ (готовая) 12,5",,,,кг,"0,100",,"0,100",,"  0,1000 ",,"0,100",,,,,
6,Булочка Улитка с маком,"МАСЛО РАСТИТЕЛЬНОЕ (РАФ) 4,5л",,,,шт,"0,000",,"0,001",,"  0,0010 ",,"0,001",,,,,
7,Булочка Улитка с маком,Меланж (битое яйцо 10 шт),,,,кг,"0,022",,"0,022",,"  0,0220 ",,"0,022",,,,,
8,Булочка Улитка с маком,Пакеты отрывные (500шт),,,,шт,"11,000",,"0,000",,  -   ,,"0,000",,,,,
ИТОГО,,,,,,,,,,,,,,,,,,
вес готового блюда (изделия) в расчете на,,,,,,,,,,"10,000 порц",,,,,,,,
,,,,,,,,,,,,,,,,,"0,7039",кг
,,,,,,,,,,,,,,,,,,
,,,,,,,,,,,,,,,,,,
,,,,,,,,,,,,,,,,,,
,Система автоматизации ресторанов iikoRMS,,,,,,,,,,,,,,,,,
,,,,,,,,,,,,,,,,,,
Булочка цитрусовая,,,,,,,,,,,,,,,,,,
Технологическая карта № 19104197568923641214,,,,,,,,,,,,Название на чеке:,,,,,,
,,,,,,,,,,,,Булочка цитрусовая,,,,,,
 06.08.2024,,,,,,,,,,,,,,,,,,
Область применения:,,,,,Любимая пекарня,,,,,,,,,,,,,
Хранение:,,,,,,,,,,,,,,,,,,
Срок Хранения:,,,,,,,,,,,,,,,,,,
Органолептические показатели:,,,,,,,,,,,,,,,,,,
,,,,,,,,,,,,,,,,,,
1,Булочка цитрусовая,Тесто Сдобное п/ф,,,,кг,"0,070",,"0,070",,"  0,0700 ",,"0,070","
ТРЕБОВАНИЯ К ОФОРМЛЕНИЮ, ПОДАЧЕ И РЕАЛИЗАЦИИ",,,,
2,Булочка цитрусовая,Начинка цитрусовая,,,,кг,"0,030",,"0,030",,"  0,0300 ",,"0,030",,,,,
3,Булочка цитрусовая,СИРОП,,,,кг,"0,010",,"0,010",,"  0,0100 ",,"0,010",,,,,
ИТОГО,,,,,,,,,,,,,,,,,,
вес готового блюда (изделия) в расчете на,,,,,,,,,,"1,000 порц",,,,,,,,
,,,,,,,,,,,,,,,,,"0,1100",кг
,,,,,,,,,,,,,,,,,,
,,,,,,,,,,,,,,,,,,
,,,,,,,,,,,,,,,,,,
,Система автоматизации ресторанов iikoRMS,,,,,,,,,,,,,,,,,
,,,,,,,,,,,,,,,,,,
Ватрушка с творогом,,,,,,,,,,,,,,,,,,
Технологическая карта № 191041975688710,,,,,,,,,,,,Название на чеке:,,,,,,
,,,,,,,,,,,,Ватрушка с творогом,,,,,,
 01.03.2021,,,,,,,,,,,,,,,,,,
Область применения:,,,,,Любимая пекарня,,,,,,,,,,,,,
Хранение:,,,,,,,,,,,,,,,,,,
Срок Хранения:,,,,,,,,,,,,,,,,,,
Органолептические показатели:,,,,,,,,,,,,,,,,,,
,,,,,,,,,,,,,,,,,,
1,Ватрушка с творогом,Тесто Сдобное п/ф,,,,кг,"0,060",,"0,060",,"  0,0600 ",,"0,060","
ТРЕБОВАНИЯ К ОФОРМЛЕНИЮ, ПОДАЧЕ И РЕАЛИЗАЦИИ",,,,
2,Ватрушка с творогом,МУКА ПШЕНИЧНАЯ 1C,,,,кг,"0,005",,"0,005",,"  0,0050 ",,"0,000",,,,,
3,Ватрушка с творогом,САХАРНАЯ ПУДРА,,,,кг,"0,002",,"0,002",,"  0,0020 ",,"0,000",,,,,
4,Ватрушка с творогом,Начинка творожная для розан с загустителем п/ф 1 кг,,,,кг,"0,060",,"0,060",,"  0,0600 ",,"0,060",,,,,
5,Ватрушка с творогом,Меланж (битое яйцо 10 шт),,,,кг,"0,003",,"0,003",,"  0,0030 ",,"0,003",,,,,
6,Ватрушка с творогом,"МАСЛО РАСТИТЕЛЬНОЕ (РАФ) 4,5л",,,,шт,"0,000",,"0,002",,"  0,0020 ",,"0,002",,,,,
7,Ватрушка с творогом,Пакеты отрывные (500шт),,,,шт,"1,000",,"0,000",,  -   ,,"0,000",,,,,
ИТОГО,,,,,,,,,,,,,,,,,,
вес готового блюда (изделия) в расчете на,,,,,,,,,,"1,000 порц",,,,,,,,
,,,,,,,,,,,,,,,,,"0,1248",кг
,,,,,,,,,,,,,,,,,,
,,,,,,,,,,,,,,,,,,
,,,,,,,,,,,,,,,,,,
,Система автоматизации ресторанов iikoRMS,,,,,,,,,,,,,,,,,
,,,,,,,,,,,,,,,,,,
Ватрушка фруктово-творожная,,,,,,,,,,,,,,,,,,
Технологическая карта № 19104197568923629410,,,,,,,,,,,,Название на чеке:,,,,,,
,,,,,,,,,,,,Ватрушка фруктово-творожная,,,,,,
 01.03.2021,,,,,,,,,,,,,,,,,,
Область применения:,,,,,Любимая пекарня,,,,,,,,,,,,,
Хранение:,,,,,,,,,,,,,,,,,,
Срок Хранения:,,,,,,,,,,,,,,,,,,
Органолептические показатели:,,,,,,,,,,,,,,,,,,
,,,,,,,,,,,,,,,,,,
1,Ватрушка фруктово-творожная,Тесто Сдобное п/ф,,,,кг,"0,060",,"0,060",,"  0,0600 ",,"0,060","
ТРЕБОВАНИЯ К ОФОРМЛЕНИЮ, ПОДАЧЕ И РЕАЛИЗАЦИИ",,,,
2,Ватрушка фруктово-творожная,Начинка творожная для розан с загустителем п/ф 1 кг,,,,кг,"0,030",,"0,030",,"  0,0300 ",,"0,030",,,,,
3,Ватрушка фруктово-творожная,Меланж (битое яйцо 10 шт),,,,кг,"0,003",,"0,003",,"  0,0030 ",,"0,003",,,,,
4,Ватрушка фруктово-творожная,МУКА ПШЕНИЧНАЯ 1C,,,,кг,"0,005",,"0,005",,"  0,0050 ",,"0,005",,,,,
5,Ватрушка фруктово-творожная,"МАСЛО РАСТИТЕЛЬНОЕ (РАФ) 4,5л",,,,шт,"0,000",,"0,002",,"  0,0020 ",,"0,002",,,,,
6,Ватрушка фруктово-творожная,"МАСЛО РАСТИТЕЛЬНОЕ (РАФ) 4,5л",,,,шт,"0,000",,"0,002",,"  0,0020 ",,"0,002",,,,,
7,Ватрушка фруктово-творожная,КОНФИТЮР Клубника с яблоком 13 кг,,,,кг,"0,030",,"0,030",,"  0,0300 ",,"0,030",,,,,
8,Ватрушка фруктово-творожная,САХАРНАЯ ПУДРА,,,,кг,"0,003",,"0,003",,"  0,0030 ",,"0,003",,,,,
9,Ватрушка фруктово-творожная,Пакеты отрывные (500шт),,,,шт,"1,000",,"0,000",,  -   ,,"0,000",,,,,
ИТОГО,,,,,,,,,,,,,,,,,,
вес готового блюда (изделия) в расчете на,,,,,,,,,,"1,000 порц",,,,,,,,
,,,,,,,,,,,,,,,,,"0,1346",кг
,,,,,,,,,,,,,,,,,,
,,,,,,,,,,,,,,,,,,
,,,,,,,,,,,,,,,,,,
,Система автоматизации ресторанов iikoRMS,,,,,,,,,,,,,,,,,
,,,,,,,,,,,,,,,,,,
Пирожок с вишней,,,,,,,,,,,,,,,,,,
Технологическая карта № 19104197568923630195,,,,,,,,,,,,Название на чеке:,,,,,,
,,,,,,,,,,,,Пирожок с вишней,,,,,,
 11.04.2021,,,,,,,,,,,,,,,,,,
Область применения:,,,,,Любимая пекарня,,,,,,,,,,,,,
Хранение:,,,,,,,,,,,,,,,,,,
Срок Хранения:,,,,,,,,,,,,,,,,,,
Органолептические показатели:,,,,,,,,,,,,,,,,,,
,,,,,,,,,,,,,,,,,,
1,Пирожок с вишней,МУКА ПШЕНИЧНАЯ 1C,,,,кг,"0,003",,"0,003",,"  0,0030 ",,"0,000","
ТРЕБОВАНИЯ К ОФОРМЛЕНИЮ, ПОДАЧЕ И РЕАЛИЗАЦИИ",,,,
2,Пирожок с вишней,"МАСЛО РАСТИТЕЛЬНОЕ (РАФ) 4,5л",,,,шт,"0,000",,"0,001",,"  0,0010 ",,"0,001",,,,,
3,Пирожок с вишней,Тесто Сдобное п/ф,,,,кг,"0,050",,"0,050",,"  0,0500 ",,"0,050",,,,,
4,Пирожок с вишней,Меланж (битое яйцо 10 шт),,,,кг,"0,002",,"0,002",,"  0,0020 ",,"0,002",,,,,
5,Пирожок с вишней,"МАСЛО РАСТИТЕЛЬНОЕ (РАФ) 4,5л",,,,шт,"0,000",,"0,001",,"  0,0010 ",,"0,001",,,,,
6,Пирожок с вишней,Начинка вишневая для пирожков,,,,кг,"0,030",,"0,030",,"  0,0300 ",,"0,030",,,,,
7,Пирожок с вишней,Пакеты отрывные (500шт),,,,шт,"1,000",,"0,000",,  -   ,,"0,000",,,,,
ИТОГО,,,,,,,,,,,,,,,,,,
вес готового блюда (изделия) в расчете на,,,,,,,,,,"1,000 порц",,,,,,,,
,,,,,,,,,,,,,,,,,"0,0838",кг
,,,,,,,,,,,,,,,,,,
,,,,,,,,,,,,,,,,,,
,,,,,,,,,,,,,,,,,,
,Система автоматизации ресторанов iikoRMS,,,,,,,,,,,,,,,,,
,,,,,,,,,,,,,,,,,,
Пирожок со смородиной,,,,,,,,,,,,,,,,,,
Технологическая карта № 191041975688725,,,,,,,,,,,,Название на чеке:,,,,,,
,,,,,,,,,,,,Пирожок со смородиной,,,,,,
 01.03.2021,,,,,,,,,,,,,,,,,,
Область применения:,,,,,Любимая пекарня,,,,,,,,,,,,,
Хранение:,,,,,,,,,,,,,,,,,,
Срок Хранения:,,,,,,,,,,,,,,,,,,
Органолептические показатели:,,,,,,,,,,,,,,,,,,
,,,,,,,,,,,,,,,,,,
1,Пирожок со смородиной,МУКА ПШЕНИЧНАЯ 1C,,,,кг,"0,005",,"0,005",,"  0,0050 ",,"0,000","
ТРЕБОВАНИЯ К ОФОРМЛЕНИЮ, ПОДАЧЕ И РЕАЛИЗАЦИИ",,,,
2,Пирожок со смородиной,"МАСЛО РАСТИТЕЛЬНОЕ (РАФ) 4,5л",,,,шт,"0,000",,"0,002",,"  0,0020 ",,"0,002",,,,,
3,Пирожок со смородиной,Тесто Сдобное п/ф,,,,кг,"0,050",,"0,050",,"  0,0500 ",,"0,050",,,,,
4,Пирожок со смородиной,Меланж (битое яйцо 10 шт),,,,кг,"0,004",,"0,004",,"  0,0040 ",,"0,004",,,,,
5,Пирожок со смородиной,"МАСЛО РАСТИТЕЛЬНОЕ (РАФ) 4,5л",,,,шт,"0,000",,"0,002",,"  0,0020 ",,"0,002",,,,,
6,Пирожок со смородиной,Начинка для пирожков (смородина) 1 кг,,,,кг,"0,030",,"0,030",,"  0,0300 ",,"0,030",,,,,
7,Пирожок со смородиной,Пакеты отрывные (500шт),,,,шт,"1,000",,"0,000",,  -   ,,"0,000",,,,,
ИТОГО,,,,,,,,,,,,,,,,,,
вес готового блюда (изделия) в расчете на,,,,,,,,,,"1,000 порц",,,,,,,,
,,,,,,,,,,,,,,,,,"0,0876",кг
,,,,,,,,,,,,,,,,,,
,,,,,,,,,,,,,,,,,,
,,,,,,,,,,,,,,,,,,
,Система автоматизации ресторанов iikoRMS,,,,,,,,,,,,,,,,,
,,,,,,,,,,,,,,,,,,
Пирожок яблочный,,,,,,,,,,,,,,,,,,
Технологическая карта № 19104197568923629904,,,,,,,,,,,,Название на чеке:,,,,,,
,,,,,,,,,,,,Пирожок яблочный,,,,,,
 19.03.2022,,,,,,,,,,,,,,,,,,
Область применения:,,,,,Любимая пекарня,,,,,,,,,,,,,
Хранение:,,,,,,,,,,,,,,,,,,
Срок Хранения:,,,,,,,,,,,,,,,,,,
Органолептические показатели:,,,,,,,,,,,,,,,,,,
,,,,,,,,,,,,,,,,,,
1,Пирожок яблочный,Тесто Сдобное п/ф,,,,кг,"0,900",,"0,900",,"  0,9000 ",,"0,900","
ТРЕБОВАНИЯ К ОФОРМЛЕНИЮ, ПОДАЧЕ И РЕАЛИЗАЦИИ",,,,
2,Пирожок яблочный,Яблоки очищенные без кожицы (Кубик/дольки) п/ф 1 кг,,,,кг,"0,450",,"0,450",,"  0,4500 ",,"0,450",,,,,
3,Пирожок яблочный,САХАР ПЕСОК,,,,кг,"0,150",,"0,150",,"  0,1500 ",,"0,150",,,,,
4,Пирожок яблочный,Штрейзельная крошка п/ф,,,,кг,"0,075",,"0,075",,"  0,0750 ",,"0,075",,,,,
5,Пирожок яблочный,Меланж (битое яйцо 10 шт),,,,кг,"0,030",,"0,030",,"  0,0300 ",,"0,030",,,,,
6,Пирожок яблочный,"МАСЛО РАСТИТЕЛЬНОЕ (РАФ) 4,5л",,,,шт,"0,007",,"0,030",,"  0,0300 ",,"0,030",,,,,
7,Пирожок яблочный,ЗАГУСТИТЕЛЬ - САФТИЯ,,,,кг,"0,030",,"0,030",,"  0,0300 ",,"0,030",,,,,
8,Пирожок яблочный,Пакеты отрывные (500шт),,,,шт,"15,000",,"0,000",,  -   ,,"0,000",,,,,
ИТОГО,,,,,,,,,,,,,,,,,,
вес готового блюда (изделия) в расчете на,,,,,,,,,,"15,000 порц",,,,,,,,
,,,,,,,,,,,,,,,,,"1,6652",кг
,,,,,,,,,,,,,,,,,,
,,,,,,,,,,,,,,,,,,
,,,,,,,,,,,,,,,,,,
,Система автоматизации ресторанов iikoRMS,,,,,,,,,,,,,,,,,
,,,,,,,,,,,,,,,,,,
Плюшка московская,,,,,,,,,,,,,,,,,,
Технологическая карта № 191041975688748,,,,,,,,,,,,Название на чеке:,,,,,,
,,,,,,,,,,,,Плюшка московская,,,,,,
 01.03.2021,,,,,,,,,,,,,,,,,,
Область применения:,,,,,Любимая пекарня,,,,,,,,,,,,,
Хранение:,,,,,,,,,,,,,,,,,,
Срок Хранения:,,,,,,,,,,,,,,,,,,
Органолептические показатели:,,,,,,,,,,,,,,,,,,
,,,,,,,,,,,,,,,,,,
1,Плюшка московская,Тесто Сдобное п/ф,,,,кг,"0,165",,"0,165",,"  0,1650 ",,"0,150","
ТРЕБОВАНИЯ К ОФОРМЛЕНИЮ, ПОДАЧЕ И РЕАЛИЗАЦИИ",,,,
2,Плюшка московская,САХАР ПЕСОК,,,,кг,"0,015",,"0,015",,"  0,0150 ",,"0,000",,,,,
3,Плюшка московская,"МАСЛО РАСТИТЕЛЬНОЕ (РАФ) 4,5л",,,,шт,"0,001",,"0,005",,"  0,0050 ",,"0,000",,,,,
4,Плюшка московская,МУКА ПШЕНИЧНАЯ 1C,,,,кг,"0,005",,"0,005",,"  0,0050 ",,"0,000",,,,,
5,Плюшка московская,Меланж (битое яйцо 10 шт),,,,кг,"0,005",,"0,005",,"  0,0050 ",,"0,000",,,,,
6,Плюшка московская,"МАСЛО РАСТИТЕЛЬНОЕ (РАФ) 4,5л",,,,шт,"0,000",,"0,002",,"  0,0020 ",,"0,002",,,,,
7,Плюшка московская,Пакеты отрывные (500шт),,,,шт,"1,000",,"0,000",,  -   ,,"0,000",,,,,
ИТОГО,,,,,,,,,,,,,,,,,,
вес готового блюда (изделия) в расчете на,,,,,,,,,,"1,000 порц",,,,,,,,
,,,,,,,,,,,,,,,,,"0,1518",кг
,,,,,,,,,,,,,,,,,,
,,,,,,,,,,,,,,,,,,
,,,,,,,,,,,,,,,,,,
,Система автоматизации ресторанов iikoRMS,,,,,,,,,,,,,,,,,
,,,,,,,,,,,,,,,,,,
Плюшка с творогом,,,,,,,,,,,,,,,,,,
Технологическая карта № 19104197568923641206,,,,,,,,,,,,Название на чеке:,,,,,,
,,,,,,,,,,,,Плюшка с творогом,,,,,,
 09.04.2024,,,,,,,,,,,,,,,,,,
Область применения:,,,,,Любимая пекарня,,,,,,,,,,,,,
Хранение:,,,,,,,,,,,,,,,,,,
Срок Хранения:,,,,,,,,,,,,,,,,,,
Органолептические показатели:,,,,,,,,,,,,,,,,,,
,,,,,,,,,,,,,,,,,,
1,Плюшка с творогом,Тесто Сдобное п/ф,,,,кг,"0,060",,"0,060",,"  0,0600 ",,"0,060","
ТРЕБОВАНИЯ К ОФОРМЛЕНИЮ, ПОДАЧЕ И РЕАЛИЗАЦИИ",,,,
2,Плюшка с творогом,Начинка творожная для розан с загустителем п/ф 1 кг,,,,кг,"0,030",,"0,030",,"  0,0300 ",,"0,030",,,,,
3,Плюшка с творогом,ИЗЮМ ЧИЩЕННЫЙ,,,,кг,"0,010",,"0,010",,"  0,0100 ",,"0,010",,,,,
4,Плюшка с творогом,Штрейзельная крошка п/ф,,,,кг,"0,010",,"0,010",,"  0,0100 ",,"0,010",,,,,
5,Плюшка с творогом,Помадка для булочек,,,,кг,"0,015",,"0,015",,"  0,0150 ",,"0,015",,,,,
ИТОГО,,,,,,,,,,,,,,,,,,
вес готового блюда (изделия) в расчете на,,,,,,,,,,"1,000 порц",,,,,,,,
,,,,,,,,,,,,,,,,,"0,1250",кг
,,,,,,,,,,,,,,,,,,
,,,,,,,,,,,,,,,,,,
,,,,,,,,,,,,,,,,,,
,Система автоматизации ресторанов iikoRMS,,,,,,,,,,,,,,,,,
,,,,,,,,,,,,,,,,,,
Рогалик со сгущенкой,,,,,,,,,,,,,,,,,,
Технологическая карта № 19104197568923630192,,,,,,,,,,,,Название на чеке:,,,,,,
,,,,,,,,,,,,Рогалик со сгущенкой,,,,,,
 01.09.2022,,,,,,,,,,,,,,,,,,
Область применения:,,,,,Любимая пекарня,,,,,,,,,,,,,
Хранение:,,,,,,,,,,,,,,,,,,
Срок Хранения:,,,,,,,,,,,,,,,,,,
Органолептические показатели:,,,,,,,,,,,,,,,,,,
,,,,,,,,,,,,,,,,,,
1,Рогалик со сгущенкой,Тесто Сдобное п/ф,,,,кг,"0,050",,"0,050",,"  0,0500 ",,"0,040","
ТРЕБОВАНИЯ К ОФОРМЛЕНИЮ, ПОДАЧЕ И РЕАЛИЗАЦИИ",,,,
2,Рогалик со сгущенкой,СГУЩЕНКА ВАРЕНАЯ,,,,кг,"0,020",,"0,020",,"  0,0200 ",,"0,017",,,,,
3,Рогалик со сгущенкой,Меланж (битое яйцо 10 шт),,,,кг,"0,003",,"0,003",,"  0,0030 ",,"0,000",,,,,
4,Рогалик со сгущенкой,САХАРНАЯ ПУДРА,,,,кг,"0,002",,"0,002",,"  0,0020 ",,"0,000",,,,,
5,Рогалик со сгущенкой,"МАСЛО РАСТИТЕЛЬНОЕ (РАФ) 4,5л",,,,шт,"0,000",,"0,002",,"  0,0020 ",,"0,002",,,,,
6,Рогалик со сгущенкой,Пакеты отрывные (500шт),,,,шт,"1,000",,"0,000",,  -   ,,"0,000",,,,,
ИТОГО,,,,,,,,,,,,,,,,,,
вес готового блюда (изделия) в расчете на,,,,,,,,,,"1,000 порц",,,,,,,,
,,,,,,,,,,,,,,,,,"0,0588",кг
,,,,,,,,,,,,,,,,,,
,,,,,,,,,,,,,,,,,,
,,,,,,,,,,,,,,,,,,
,Система автоматизации ресторанов iikoRMS,,,,,,,,,,,,,,,,,
,,,,,,,,,,,,,,,,,,
Розанчик с нутеллой,,,,,,,,,,,,,,,,,,
Технологическая карта № 19104197568923641137,,,,,,,,,,,,Название на чеке:,,,,,,
,,,,,,,,,,,,Розанчик с нутеллой,,,,,,
 07.08.2023,,,,,,,,,,,,,,,,,,
Область применения:,,,,,Любимая пекарня,,,,,,,,,,,,,
Хранение:,,,,,,,,,,,,,,,,,,
Срок Хранения:,,,,,,,,,,,,,,,,,,
Органолептические показатели:,,,,,,,,,,,,,,,,,,
,,,,,,,,,,,,,,,,,,
1,Розанчик с нутеллой,Тесто Сдобное п/ф,,,,кг,"0,060",,"0,060",,"  0,0600 ",,"0,045","
ТРЕБОВАНИЯ К ОФОРМЛЕНИЮ, ПОДАЧЕ И РЕАЛИЗАЦИИ",,,,
2,Розанчик с нутеллой,САХАРНАЯ ПУДРА,,,,кг,"0,002",,"0,002",,"  0,0020 ",,"0,002",,,,,
3,Розанчик с нутеллой,МУКА ПШЕНИЧНАЯ 1C,,,,кг,"0,005",,"0,005",,"  0,0050 ",,"0,000",,,,,
4,Розанчик с нутеллой,"МАСЛО РАСТИТЕЛЬНОЕ (РАФ) 4,5л",,,,шт,"0,000",,"0,002",,"  0,0020 ",,"0,000",,,,,
5,Розанчик с нутеллой,НАЧИНКА ФУНДУК КАКАО,,,,кг,"0,020",,"0,020",,"  0,0200 ",,"0,020",,,,,
6,Розанчик с нутеллой,Меланж (битое яйцо 10 шт),,,,кг,"0,005",,"0,005",,"  0,0050 ",,"0,005",,,,,
7,Розанчик с нутеллой,"МАСЛО РАСТИТЕЛЬНОЕ (РАФ) 4,5л",,,,шт,"0,000",,"0,002",,"  0,0020 ",,"0,002",,,,,
8,Розанчик с нутеллой,Пакеты отрывные (500шт),,,,шт,"1,000",,"0,000",,  -   ,,"0,000",,,,,
ИТОГО,,,,,,,,,,,,,,,,,,
вес готового блюда (изделия) в расчете на,,,,,,,,,,"1,000 порц",,,,,,,,
,,,,,,,,,,,,,,,,,"0,0738",кг
,,,,,,,,,,,,,,,,,,
,,,,,,,,,,,,,,,,,,
,,,,,,,,,,,,,,,,,,
,Система автоматизации ресторанов iikoRMS,,,,,,,,,,,,,,,,,
,,,,,,,,,,,,,,,,,,
Розанчик с творогом,,,,,,,,,,,,,,,,,,
Технологическая карта № 191041975688751,,,,,,,,,,,,Название на чеке:,,,,,,
,,,,,,,,,,,,Розанчик с творогом,,,,,,
 01.03.2021,,,,,,,,,,,,,,,,,,
Область применения:,,,,,Любимая пекарня,,,,,,,,,,,,,
Хранение:,,,,,,,,,,,,,,,,,,
Срок Хранения:,,,,,,,,,,,,,,,,,,
Органолептические показатели:,,,,,,,,,,,,,,,,,,
,,,,,,,,,,,,,,,,,,
1,Розанчик с творогом,Тесто Сдобное п/ф,,,,кг,"0,060",,"0,060",,"  0,0600 ",,"0,045","
ТРЕБОВАНИЯ К ОФОРМЛЕНИЮ, ПОДАЧЕ И РЕАЛИЗАЦИИ",,,,
2,Розанчик с творогом,САХАРНАЯ ПУДРА,,,,кг,"0,002",,"0,002",,"  0,0020 ",,"0,002",,,,,
3,Розанчик с творогом,МУКА ПШЕНИЧНАЯ 1C,,,,кг,"0,005",,"0,005",,"  0,0050 ",,"0,000",,,,,
4,Розанчик с творогом,"МАСЛО РАСТИТЕЛЬНОЕ (РАФ) 4,5л",,,,шт,"0,000",,"0,002",,"  0,0020 ",,"0,000",,,,,
5,Розанчик с творогом,Начинка творожная для розан с загустителем п/ф 1 кг,,,,кг,"0,030",,"0,030",,"  0,0300 ",,"0,030",,,,,
6,Розанчик с творогом,Меланж (битое яйцо 10 шт),,,,кг,"0,005",,"0,005",,"  0,0050 ",,"0,005",,,,,
7,Розанчик с творогом,"МАСЛО РАСТИТЕЛЬНОЕ (РАФ) 4,5л",,,,шт,"0,000",,"0,002",,"  0,0020 ",,"0,002",,,,,
8,Розанчик с творогом,Пакеты отрывные (500шт),,,,шт,"1,000",,"0,000",,  -   ,,"0,000",,,,,
ИТОГО,,,,,,,,,,,,,,,,,,
вес готового блюда (изделия) в расчете на,,,,,,,,,,"1,000 порц",,,,,,,,
,,,,,,,,,,,,,,,,,"0,0838",кг
,,,,,,,,,,,,,,,,,,
,,,,,,,,,,,,,,,,,,
,,,,,,,,,,,,,,,,,,
,Система автоматизации ресторанов iikoRMS,,,,,,,,,,,,,,,,,
,,,,,,,,,,,,,,,,,,
Синнабон,,,,,,,,,,,,,,,,,,
Технологическая карта № 19104197568923641186,,,,,,,,,,,,Название на чеке:,,,,,,
,,,,,,,,,,,,Синнабон,,,,,,
 19.01.2024,,,,,,,,,,,,,,,,,,
Область применения:,,,,,Любимая пекарня,,,,,,,,,,,,,
Хранение:,,,,,,,,,,,,,,,,,,
Срок Хранения:,,,,,,,,,,,,,,,,,,
Органолептические показатели:,,,,,,,,,,,,,,,,,,
,,,,,,,,,,,,,,,,,,
1,Синнабон,МУКА ПШЕНИЧНАЯ 1C,,,,кг,"0,570",,"0,570",,"  0,5700 ",,"0,570","
ТРЕБОВАНИЯ К ОФОРМЛЕНИЮ, ПОДАЧЕ И РЕАЛИЗАЦИИ",,,,
2,Синнабон,МОЛОКО,,,,упак,"0,222",,"0,200",,"  0,2000 ",,"0,200",,,,,
3,Синнабон,ДРОЖЖИ ПРЕССОВАННЫЕ,,,,кг,"0,025",,"0,025",,"  0,0250 ",,"0,025",,,,,
4,Синнабон,ЯЙЦО КУРИНОЕ,,,,шт,"2,000",,"0,100",,"  0,1000 ",,"0,100",,,,,
5,Синнабон,МАРГАРИН,,,,кг,"0,075",,"0,075",,"  0,0750 ",,"0,075",,,,,
6,Синнабон,САХАР ПЕСОК,,,,кг,"0,075",,"0,075",,"  0,0750 ",,"0,075",,,,,
7,Синнабон,СОЛЬ,,,,кг,"0,008",,"0,008",,"  0,0080 ",,"0,008",,,,,
8,Синнабон,САХАР ПЕСОК,,,,кг,"0,130",,"0,130",,"  0,1300 ",,"0,130",,,,,
9,Синнабон,КОРИЦА МОЛОТАЯ,,,,кг,"0,015",,"0,015",,"  0,0150 ",,"0,015",,,,,
10,Синнабон,МАРГАРИН ДЛЯ КРЕМОВ,,,,кг,"0,090",,"0,090",,"  0,0900 ",,"0,090",,,,,
11,Синнабон,КРЕМ ЧИЗ,,,,кг,"0,060",,"0,060",,"  0,0600 ",,"0,060",,,,,
12,Синнабон,МАРГАРИН ДЛЯ КРЕМОВ,,,,кг,"0,030",,"0,030",,"  0,0300 ",,"0,030",,,,,
13,Синнабон,САХАРНАЯ ПУДРА,,,,кг,"0,120",,"0,120",,"  0,1200 ",,"0,120",,,,,
14,Синнабон,КОРОБКА ДЛЯ ПИРОЖНЫХ,,,,шт,"12,000",,"0,000",,  -   ,,"0,000",,,,,
,,,,,,,,,,,,,,,,,,
ИТОГО,,,,,,,,,,,,,,,,,,
вес готового блюда (изделия) в расчете на,,,,,,,,,,"12,000 порц",,,,,,,,
,,,,,,,,,,,,,,,,,"1,4980",кг
,,,,,,,,,,,,,,,,,,
,,,,,,,,,,,,,,,,,,
,,,,,,,,,,,,,,,,,,
,Система автоматизации ресторанов iikoRMS,,,,,,,,,,,,,,,,,
,,,,,,,,,,,,,,,,,,
Кокрок с картофелем,,,,,,,,,,,,,,,,,,
Технологическая карта № 191041975688626,,,,,,,,,,,,Название на чеке:,,,,,,
,,,,,,,,,,,,Кокрок с картофелем,,,,,,
 28.05.2021,,,,,,,,,,,,,,,,,,
Область применения:,,,,,Любимая пекарня,,,,,,,,,,,,,
Хранение:,,,,,,,,,,,,,,,,,,
Срок Хранения:,,,,,,,,,,,,,,,,,,
Органолептические показатели:,,,,,,,,,,,,,,,,,,
,,,,,,,,,,,,,,,,,,
№,,Наименование продукта,,,,Ед. изм.,Брутто в ед. изм.,,"Вес брутто, кг",," Вес нетто или п/ф, кг",,"Вес готового продукта, кг",Технология приготовления,,,,
1,Кокрок с картофелем,Тесто на кокроки п/ф,,,,кг,"0,055",,"0,055",,"  0,0550 ",,"0,045","Формовка: Тесто делить на заготовки массой 55 гр, округлить. Раскатать заготовки в круг толщиной 0.5-1 см. На одну половину теста выложить фарш картофельный 40 гр, закрыть фарш другой стороной теста, защипать, придавить  края вилкой по всей длине шва и придать форму полукруга. Тестовые заготовки укладывать на смазанный маслом плоский алюминиевый лист размеры 600х400 мм по 20 шт (5 поперек листа х 4 вдоль листа), расстояние между заготовками   1.5-2 см.
Выпечка Печь конвекционная: Перед выпечкой смазать заготовки меланжем.. Выпекать при t=200°c 15-20 мин. Убрать лист с готовой продукцией на стеллаж (шпилька).
Выпечка Печь подовая: Перед выпечкой смазать заготовки меланжем. Выпекать при t верхнего пода 200°c, нижнего пода 180°c время выпечки 15-20 мин. Убрать лист с готовой 

продукцией на стеллаж. (шпилька). 

ТРЕБОВАНИЯ К ОФОРМЛЕНИЮ, ПОДАЧЕ И РЕАЛИЗАЦИИ",,,,
2,Кокрок с картофелем,МУКА ПШЕНИЧНАЯ 1C,,,,кг,"0,005",,"0,005",,"  0,0050 ",,"0,000",,,,,
3,Кокрок с картофелем,Меланж (битое яйцо 10 шт),,,,кг,"0,004",,"0,004",,"  0,0040 ",,"0,000",,,,,
4,Кокрок с картофелем,"МАСЛО РАСТИТЕЛЬНОЕ (РАФ) 4,5л",,,,шт,"0,002",,"0,008",,"  0,0080 ",,"0,000",,,,,
5,Кокрок с картофелем,Пюре картофельное (картоф+ маргарин)  п/ф 1 кг,,,,кг,"0,040",,"0,040",,"  0,0400 ",,"0,033",,,,,
6,,,,,,,,,,, ,,,,,,,
7,,,,,,,,,,, ,,,,,,,
8,,,,,,,,,,, ,,,,,,,
9,,,,,,,,,,, ,,,,,,,
10,,,,,,,,,,, ,,,,,,,
11,,,,,,,,,,, ,,,,,,,
12,,,,,,,,,,, ,,,,,,,
13,,,,,,,,,,, ,,,,,,,
ИТОГО,,,,,,,,,,,,,,,,,,
вес готового блюда (изделия) в расчете на,,,,,,,,,,"1,000 порц",,,,,,,,
,,,,,,,,,,,,,,,,,"0,0777",кг
,,,,,,,,,,,,,,,,,,
,,,,,,,,,,,,,,,,,,
,,,,,,,,,,,,,,,,,,
,Система автоматизации ресторанов iikoRMS,,,,,,,,,,,,,,,,,
,,,,,,,,,,,,,,,,,,
Кокрок с творогом,,,,,,,,,,,,,,,,,,
Технологическая карта № 191041975688628,,,,,,,,,,,,Название на чеке:,,,,,,
,,,,,,,,,,,,Кокрок с творогом,,,,,,
 28.05.2021,,,,,,,,,,,,,,,,,,
Область применения:,,,,,Любимая пекарня,,,,,,,,,,,,,
Хранение:,,,,,,,,,,,,,,,,,,
Срок Хранения:,,,,,,,,,,,,,,,,,,
Органолептические показатели:,,,,,,,,,,,,,,,,,,
,,,,,,,,,,,,,,,,,,
1,Кокрок с творогом,Тесто на кокроки п/ф,,,,кг,"0,055",,"0,055",,"  0,0550 ",,"0,043","Формовка: Тесто делить на заготовки массой 55 гр, округлить. Раскатать заготовки в круг толщиной 0.5-1 см. На одну половину теста выложить творожную начинку 40 гр, закрыть начинку другой стороной теста, защипать  и придать форму полукруга. Тестовые заготовки укладывать на смазанный маслом плоский алюминиевый лист размеры 600х400 мм по 15 шт (5 поперек листа * 4 вдоль листа) расстояние между заготовками   1.5-2 см.
Выпечка Печь конвекционная: Перед выпечкой смазать заготовки  меланжем ,посыпать
сахаром. Выпекать при t=200°c 15-20 мин. Убрать лист с готовой продукцией на стеллаж (шпилька).
Выпечка Печь подовая: Перед выпечкой смазать заготовки меланжем, обсыпать сахарным песком.  Выпекать при t верхнего пода 200°c, нижнего пода 180°c время выпечки 15-20 мин. Убрать лист с готовой продукцией на стеллаж.



ТРЕБОВАНИЯ К ОФОРМЛЕНИЮ, ПОДАЧЕ И РЕАЛИЗАЦИИ",,,,
2,Кокрок с творогом,МУКА ПШЕНИЧНАЯ 1C,,,,кг,"0,005",,"0,005",,"  0,0050 ",,"0,000",,,,,
3,Кокрок с творогом,Меланж (битое яйцо 10 шт),,,,кг,"0,004",,"0,004",,"  0,0040 ",,"0,003",,,,,
4,Кокрок с творогом,"МАСЛО РАСТИТЕЛЬНОЕ (РАФ) 4,5л",,,,шт,"0,002",,"0,008",,"  0,0080 ",,"0,000",,,,,
5,Кокрок с творогом,САХАР ПЕСОК,,,,кг,"0,003",,"0,003",,"  0,0030 ",,"0,000",,,,,
6,Кокрок с творогом,Начинка творожная для розан с загустителем п/ф 1 кг,,,,кг,"0,040",,"0,040",,"  0,0400 ",,"0,040",,,,,
7,,,,,,,,,,, ,,,,,,,
8,,,,,,,,,,, ,,,,,,,
9,,,,,,,,,,, ,,,,,,,
10,,,,,,,,,,, ,,,,,,,
11,,,,,,,,,,, ,,,,,,,
12,,,,,,,,,,, ,,,,,,,
13,,,,,,,,,,, ,,,,,,,
14,,,,,,,,,,, ,,,,,,,
ИТОГО,,,,,,,,,,,,,,,,,,
вес готового блюда (изделия) в расчете на,,,,,,,,,,"1,000 порц",,,,,,,,
,,,,,,,,,,,,,,,,,"0,0866",кг
,,,,,,,,,,,,,,,,,,
,,,,,,,,,,,,,,,,,,
,,,,,,,,,,,,,,,,,,
,Система автоматизации ресторанов iikoRMS,,,,,,,,,,,,,,,,,
,,,,,,,,,,,,,,,,,,
Кокрок с яблоком,,,,,,,,,,,,,,,,,,
Технологическая карта № 19104197568923629129,,,,,,,,,,,,Название на чеке:,,,,,,
,,,,,,,,,,,,Кокрок с яблоком,,,,,,
 28.05.2021,,,,,,,,,,,,,,,,,,
Область применения:,,,,,Любимая пекарня,,,,,,,,,,,,,
Хранение:,,,,,,,,,,,,,,,,,,
Срок Хранения:,,,,,,,,,,,,,,,,,,
Органолептические показатели:,,,,,,,,,,,,,,,,,,
,,,,,,,,,,,,,,,,,,
1,Кокрок с яблоком,МУКА ПШЕНИЧНАЯ 1C,,,,кг,"0,005",,"0,005",,"  0,0050 ",,"0,000","Формовка: Тесто делить на заготовки массой 55 гр, округлить. Раскатать заготовки в круг толщиной 0.5-1 см. На одну половину теста выложить фарш капустный 40 гр, закрыть фарш другой стороной теста, защипать  и придать форму полукруга. Тестовые заготовки укладывать на смазанный маслом плоский алюминиевый лист размеры 600х400 мм по 20 шт (5 поперек листа х 4 вдоль листа), расстояние между заготовками   1.5-2 см.
Выпечка Печь конвекционная: Перед выпечкой смазать заготовки меланжем. Выпекать при t=200°c 15-20 мин. Убрать лист с готовой продукцией на стеллаж (шпилька).
Выпечка Печь подовая: Перед выпечкой смазать заготовки меланжем  Выпекать при t верхнего пода 200°c, нижнего пода 180°c время выпечки 15-25 мин. Убрать лист с готовой 

продукцией на стеллаж.

ТРЕБОВАНИЯ К ОФОРМЛЕНИЮ, ПОДАЧЕ И РЕАЛИЗАЦИИ",,,,
2,Кокрок с яблоком,"МАСЛО РАСТИТЕЛЬНОЕ (РАФ) 4,5л",,,,шт,"0,002",,"0,008",,"  0,0080 ",,"0,000",,,,,
3,Кокрок с яблоком,Тесто на кокроки п/ф,,,,кг,"0,055",,"0,055",,"  0,0550 ",,"0,055",,,,,
4,Кокрок с яблоком,Меланж (битое яйцо 10 шт),,,,кг,"0,004",,"0,004",,"  0,0040 ",,"0,004",,,,,
5,Кокрок с яблоком,фарш яблочный п/ф 1 кг,,,,кг,"0,040",,"0,040",,"  0,0400 ",,"0,040",,,,,
6,,,,,,,,,,, ,,,,,,,
7,,,,,,,,,,, ,,,,,,,
8,,,,,,,,,,, ,,,,,,,
9,,,,,,,,,,, ,,,,,,,
10,,,,,,,,,,, ,,,,,,,
11,,,,,,,,,,, ,,,,,,,
12,,,,,,,,,,, ,,,,,,,
13,,,,,,,,,,, ,,,,,,,
ИТОГО,,,,,,,,,,,,,,,,,,
вес готового блюда (изделия) в расчете на,,,,,,,,,,"1,000 порц",,,,,,,,
,,,,,,,,,,,,,,,,,"0,0990",кг
,,,,,,,,,,,,,,,,,,
,,,,,,,,,,,,,,,,,,
,,,,,,,,,,,,,,,,,,
,Система автоматизации ресторанов iikoRMS,,,,,,,,,,,,,,,,,
,,,,,,,,,,,,,,,,,,
Мини Булочка с курагой,,,,,,,,,,,,,,,,,,
Технологическая карта № 19104197568923630324,,,,,,,,,,,,Название на чеке:,,,,,,
,,,,,,,,,,,,Мини Булочка с курагой,,,,,,
 20.04.2022,,,,,,,,,,,,,,,,,,
Область применения:,,,,,Любимая пекарня,,,,,,,,,,,,,
Хранение:,,,,,,,,,,,,,,,,,,
Срок Хранения:,,,,,,,,,,,,,,,,,,
Органолептические показатели:,,,,,,,,,,,,,,,,,,
,,,,,,,,,,,,,,,,,,
№,,Наименование продукта,,,,Ед. изм.,Брутто в ед. изм.,,"Вес брутто, кг",,"Вес нетто или п/ф, кг",,"Вес готового продукта, кг",Технология приготовления,,,,
1,Мини Булочка с курагой,Тесто Сдобное п/ф,,,,кг,"0,040",,"0,040",,"0,040",,"0,040","
ТРЕБОВАНИЯ К ОФОРМЛЕНИЮ, ПОДАЧЕ И РЕАЛИЗАЦИИ",,,,
2,Мини Булочка с курагой,КОНФИТЮР АБРИКОС 13 КГ,,,,кг,"0,020",,"0,020",,"0,020",,"0,020",,,,,
3,Мини Булочка с курагой,Меланж (битое яйцо 10 шт),,,,кг,"0,002",,"0,002",,"0,002",,"0,002",,,,,
4,Мини Булочка с курагой,"МАСЛО РАСТИТЕЛЬНОЕ (РАФ) 4,5л",,,,шт,"0,000",,"0,002",,"0,002",,"0,002",,,,,
5,Мини Булочка с курагой,Сироп для пропитки,,,,кг,"0,002",,"0,002",,"0,002",,"0,002",,,,,
6,Мини Булочка с курагой,Пакеты отрывные (500шт),,,,шт,"1,000",,"0,000",,"0,000",,"0,000",,,,,
ИТОГО,,,,,,,,,,,,,,,,,,
вес готового блюда (изделия) в расчете на,,,,,,,,,,"1,000 порц",,,,,,,,
,,,,,,,,,,,,,,,,,"0,0658",кг
,,,,,,,,,,,,,,,,,,
,,,,,,,,,,,,,,,,,,
,,,,,,,,,,,,,,,,,,
,Система автоматизации ресторанов iikoRMS,,,,,,,,,,,,,,,,,
,,,,,,,,,,,,,,,,,,
Мини Булочка Французская,,,,,,,,,,,,,,,,,,
Технологическая карта № 19104197568923629632,,,,,,,,,,,,Название на чеке:,,,,,,
,,,,,,,,,,,,Мини Булочка Французская,,,,,,
 19.04.2022,,,,,,,,,,,,,,,,,,
Область применения:,,,,,Любимая пекарня,,,,,,,,,,,,,
Хранение:,,,,,,,,,,,,,,,,,,
Срок Хранения:,,,,,,,,,,,,,,,,,,
Органолептические показатели:,,,,,,,,,,,,,,,,,,
,,,,,,,,,,,,,,,,,,
1,Мини Булочка Французская,СЛОЙКА ДРОЖЖЕВАЯ,,,,кг,"0,040",,"0,040",,"0,040",,"0,040","
ТРЕБОВАНИЯ К ОФОРМЛЕНИЮ, ПОДАЧЕ И РЕАЛИЗАЦИИ",,,,
2,Мини Булочка Французская,Крем Заварной Фрио на воде,,,,кг,"0,006",,"0,006",,"0,006",,"0,006",,,,,
3,Мини Булочка Французская,ИЗЮМ ЧИЩЕННЫЙ,,,,кг,"0,005",,"0,005",,"0,005",,"0,005",,,,,
4,Мини Булочка Французская,Меланж (битое яйцо 10 шт),,,,кг,"0,002",,"0,002",,"0,002",,"0,002",,,,,
5,Мини Булочка Французская,Сироп для пропитки,,,,кг,"0,002",,"0,002",,"0,002",,"0,002",,,,,
6,Мини Булочка Французская,Пакеты отрывные (500шт),,,,шт,"1,000",,"0,000",,"0,000",,"0,000",,,,,
ИТОГО,,,,,,,,,,,,,,,,,,
вес готового блюда (изделия) в расчете на,,,,,,,,,,"1,000 порц",,,,,,,,
,,,,,,,,,,,,,,,,,"0,0550",кг
,,,,,,,,,,,,,,,,,,
,,,,,,,,,,,,,,,,,,
,,,,,,,,,,,,,,,,,,
,Система автоматизации ресторанов iikoRMS,,,,,,,,,,,,,,,,,
,,,,,,,,,,,,,,,,,,
Мини Датская булочка с маком,,,,,,,,,,,,,,,,,,
Технологическая карта № 19104197568923640907,,,,,,,,,,,,Название на чеке:,,,,,,
,,,,,,,,,,,,Мини Датская булочка с маком,,,,,,
 20.04.2022,,,,,,,,,,,,,,,,,,
Область применения:,,,,,Любимая пекарня,,,,,,,,,,,,,
Хранение:,,,,,,,,,,,,,,,,,,
Срок Хранения:,,,,,,,,,,,,,,,,,,
Органолептические показатели:,,,,,,,,,,,,,,,,,,
,,,,,,,,,,,,,,,,,,
1,Мини Датская булочка с маком,СЛОЙКА ДРОЖЖЕВАЯ,,,,кг,"0,040",,"0,040",,"0,040",,"0,040","
ТРЕБОВАНИЯ К ОФОРМЛЕНИЮ, ПОДАЧЕ И РЕАЛИЗАЦИИ",,,,
2,Мини Датская булочка с маком,"НАЧИНКА МАКОВАЯ (готовая) 12,5",,,,кг,"0,008",,"0,008",,"0,008",,"0,008",,,,,
3,Мини Датская булочка с маком,Штрейзельная крошка п/ф,,,,кг,"0,006",,"0,006",,"0,006",,"0,006",,,,,
4,Мини Датская булочка с маком,"МАСЛО РАСТИТЕЛЬНОЕ (РАФ) 4,5л",,,,шт,"0,000",,"0,002",,"0,002",,"0,002",,,,,
5,Мини Датская булочка с маком,Сироп для пропитки,,,,кг,"0,002",,"0,002",,"0,002",,"0,002",,,,,
6,Мини Датская булочка с маком,Пакеты отрывные (500шт),,,,шт,"1,000",,"0,000",,"0,000",,"0,000",,,,,
ИТОГО,,,,,,,,,,,,,,,,,,
вес готового блюда (изделия) в расчете на,,,,,,,,,,"1,000 порц",,,,,,,,
,,,,,,,,,,,,,,,,,"0,0578",кг
,,,,,,,,,,,,,,,,,,
,,,,,,,,,,,,,,,,,,
,,,,,,,,,,,,,,,,,,
,Система автоматизации ресторанов iikoRMS,,,,,,,,,,,,,,,,,
,,,,,,,,,,,,,,,,,,
Мини Круассан творог,,,,,,,,,,,,,,,,,,
Технологическая карта № 19104197568923630319,,,,,,,,,,,,Название на чеке:,,,,,,
,,,,,,,,,,,,Мини Круассан творог,,,,,,
 19.04.2022,,,,,,,,,,,,,,,,,,
Область применения:,,,,,Любимая пекарня,,,,,,,,,,,,,
Хранение:,,,,,,,,,,,,,,,,,,
Срок Хранения:,,,,,,,,,,,,,,,,,,
Органолептические показатели:,,,,,,,,,,,,,,,,,,
,,,,,,,,,,,,,,,,,,
1,Мини Круассан творог,СЛОЙКА ДРОЖЖЕВАЯ,,,,кг,"0,040",,"0,040",,"0,040",,"0,040","
ТРЕБОВАНИЯ К ОФОРМЛЕНИЮ, ПОДАЧЕ И РЕАЛИЗАЦИИ",,,,
2,Мини Круассан творог,Меланж (битое яйцо 10 шт),,,,кг,"0,002",,"0,002",,"0,002",,"0,000",,,,,
3,Мини Круассан творог,Начинка творожная для розан с загустителем п/ф 1 кг,,,,кг,"0,015",,"0,015",,"0,015",,"0,015",,,,,
4,Мини Круассан творог,МУКА ПШЕНИЧНАЯ 1C,,,,кг,"0,002",,"0,002",,"0,002",,"0,000",,,,,
5,Мини Круассан творог,КУНЖУТ БЕЛЫЙ,,,,кг,"0,001",,"0,001",,"0,001",,"0,001",,,,,
6,Мини Круассан творог,Пакеты отрывные (500шт),,,,шт,"1,000",,"0,000",,"0,000",,"0,000",,,,,
ИТОГО,,,,,,,,,,,,,,,,,,
вес готового блюда (изделия) в расчете на,,,,,,,,,,"1,000 порц",,,,,,,,
,,,,,,,,,,,,,,,,,"0,0560",кг
,,,,,,,,,,,,,,,,,,
,,,,,,,,,,,,,,,,,,
,,,,,,,,,,,,,,,,,,
,Система автоматизации ресторанов iikoRMS,,,,,,,,,,,,,,,,,
,,,,,,,,,,,,,,,,,,
Мини Пирожок с вишней,,,,,,,,,,,,,,,,,,
Технологическая карта № 19104197568923630140,,,,,,,,,,,,Название на чеке:,,,,,,
,,,,,,,,,,,,Мини Пирожок с вишней,,,,,,
 01.03.2021,,,,,,,,,,,,,,,,,,
Область применения:,,,,,Любимая пекарня,,,,,,,,,,,,,
Хранение:,,,,,,,,,,,,,,,,,,
Срок Хранения:,,,,,,,,,,,,,,,,,,
Органолептические показатели:,,,,,,,,,,,,,,,,,,
,,,,,,,,,,,,,,,,,,
1,Мини Пирожок с вишней,Тесто Сдобное п/ф,,,,кг,"0,040",,"0,040",,"0,040",,"0,040","
ТРЕБОВАНИЯ К ОФОРМЛЕНИЮ, ПОДАЧЕ И РЕАЛИЗАЦИИ",,,,
2,Мини Пирожок с вишней,Начинка вишневая для пирожков,,,,кг,"0,020",,"0,020",,"0,020",,"0,020",,,,,
3,Мини Пирожок с вишней,САХАР ПЕСОК,,,,кг,"0,010",,"0,010",,"0,010",,"0,010",,,,,
4,Мини Пирожок с вишней,Штрейзельная крошка п/ф,,,,кг,"0,003",,"0,003",,"0,003",,"0,003",,,,,
5,Мини Пирожок с вишней,Меланж (битое яйцо 10 шт),,,,кг,"0,002",,"0,002",,"0,002",,"0,002",,,,,
6,Мини Пирожок с вишней,"МАСЛО РАСТИТЕЛЬНОЕ (РАФ) 4,5л",,,,шт,"0,002",,"0,009",,"0,009",,"0,009",,,,,
7,Мини Пирожок с вишней,Пакеты отрывные (500шт),,,,шт,"1,000",,"0,000",,"0,000",,"0,000",,,,,
ИТОГО,,,,,,,,,,,,,,,,,,
вес готового блюда (изделия) в расчете на,,,,,,,,,,"1,000 порц",,,,,,,,
,,,,,,,,,,,,,,,,,"0,0840",кг
,,,,,,,,,,,,,,,,,,
,,,,,,,,,,,,,,,,,,
,,,,,,,,,,,,,,,,,,
,Система автоматизации ресторанов iikoRMS,,,,,,,,,,,,,,,,,
,,,,,,,,,,,,,,,,,,
Мини Пирожок яблочный,,,,,,,,,,,,,,,,,,
Технологическая карта № 19104197568923629915,,,,,,,,,,,,Название на чеке:,,,,,,
,,,,,,,,,,,,Мини Пирожок яблочный,,,,,,
 01.12.2022,,,,,,,,,,,,,,,,,,
Область применения:,,,,,Любимая пекарня,,,,,,,,,,,,,
Хранение:,,,,,,,,,,,,,,,,,,
Срок Хранения:,,,,,,,,,,,,,,,,,,
Органолептические показатели:,,,,,,,,,,,,,,,,,,
,,,,,,,,,,,,,,,,,,
1,Мини Пирожок яблочный,Тесто Сдобное п/ф,,,,кг,"0,040",,"0,040",,"0,040",,"0,040","
ТРЕБОВАНИЯ К ОФОРМЛЕНИЮ, ПОДАЧЕ И РЕАЛИЗАЦИИ",,,,
2,Мини Пирожок яблочный,Яблоки очищенные без кожицы (Кубик/дольки) п/ф 1 кг,,,,кг,"0,020",,"0,020",,"0,020",,"0,020",,,,,
3,Мини Пирожок яблочный,САХАР ПЕСОК,,,,кг,"0,007",,"0,007",,"0,007",,"0,007",,,,,
4,Мини Пирожок яблочный,Штрейзельная крошка п/ф,,,,кг,"0,003",,"0,003",,"0,003",,"0,003",,,,,
5,Мини Пирожок яблочный,Меланж (битое яйцо 10 шт),,,,кг,"0,002",,"0,002",,"0,002",,"0,002",,,,,
6,Мини Пирожок яблочный,"МАСЛО РАСТИТЕЛЬНОЕ (РАФ) 4,5л",,,,шт,"0,000",,"0,002",,"0,002",,"0,002",,,,,
7,Мини Пирожок яблочный,Пакеты отрывные (500шт),,,,шт,"1,000",,"0,000",,"0,000",,"0,000",,,,,
8,Мини Пирожок яблочный,ЗАГУСТИТЕЛЬ - САФТИЯ,,,,кг,"0,001",,"0,001",,"0,001",,"0,001",,,,,
ИТОГО,,,,,,,,,,,,,,,,,,
вес готового блюда (изделия) в расчете на,,,,,,,,,,"1,000 порц",,,,,,,,
,,,,,,,,,,,,,,,,,"0,0751",кг
,,,,,,,,,,,,,,,,,,
,,,,,,,,,,,,,,,,,,
,,,,,,,,,,,,,,,,,,
,Система автоматизации ресторанов iikoRMS,,,,,,,,,,,,,,,,,
,,,,,,,,,,,,,,,,,,
Мини Рогалик со сгущенкой,,,,,,,,,,,,,,,,,,
Технологическая карта № 19104197568923629628,,,,,,,,,,,,Название на чеке:,,,,,,
,,,,,,,,,,,,Мини Рогалик со сгущенкой,,,,,,
 19.05.2022,,,,,,,,,,,,,,,,,,
Область применения:,,,,,Любимая пекарня,,,,,,,,,,,,,
Хранение:,,,,,,,,,,,,,,,,,,
Срок Хранения:,,,,,,,,,,,,,,,,,,
Органолептические показатели:,,,,,,,,,,,,,,,,,,
,,,,,,,,,,,,,,,,,,
1,Мини Рогалик со сгущенкой,Тесто Сдобное п/ф,,,,кг,"0,040",,"0,040",,"0,040",,"0,032","
ТРЕБОВАНИЯ К ОФОРМЛЕНИЮ, ПОДАЧЕ И РЕАЛИЗАЦИИ",,,,
2,Мини Рогалик со сгущенкой,СГУЩЕНКА ВАРЕНАЯ,,,,кг,"0,013",,"0,013",,"0,013",,"0,011",,,,,
3,Мини Рогалик со сгущенкой,Меланж (битое яйцо 10 шт),,,,кг,"0,002",,"0,002",,"0,002",,"0,000",,,,,
4,Мини Рогалик со сгущенкой,САХАРНАЯ ПУДРА,,,,кг,"0,002",,"0,002",,"0,002",,"0,000",,,,,
5,Мини Рогалик со сгущенкой,Пакеты отрывные (500шт),,,,шт,"1,000",,"0,000",,"0,000",,"0,000",,,,,
ИТОГО,,,,,,,,,,,,,,,,,,
вес готового блюда (изделия) в расчете на,,,,,,,,,,"1,000 порц",,,,,,,,
,,,,,,,,,,,,,,,,,"0,0431",кг
,,,,,,,,,,,,,,,,,,
,,,,,,,,,,,,,,,,,,
,,,,,,,,,,,,,,,,,,
,Система автоматизации ресторанов iikoRMS,,,,,,,,,,,,,,,,,
,,,,,,,,,,,,,,,,,,
Мини Розанчик с творогом,,,,,,,,,,,,,,,,,,
Технологическая карта № 19104197568923629630,,,,,,,,,,,,Название на чеке:,,,,,,
,,,,,,,,,,,,Мини Розанчик с творогом,,,,,,
 01.03.2021,,,,,,,,,,,,,,,,,,
Область применения:,,,,,Любимая пекарня,,,,,,,,,,,,,
Хранение:,,,,,,,,,,,,,,,,,,
Срок Хранения:,,,,,,,,,,,,,,,,,,
Органолептические показатели:,,,,,,,,,,,,,,,,,,
,,,,,,,,,,,,,,,,,,
1,Мини Розанчик с творогом,Тесто Сдобное п/ф,,,,кг,"0,040",,"0,040",,"0,040",,"0,030","
ТРЕБОВАНИЯ К ОФОРМЛЕНИЮ, ПОДАЧЕ И РЕАЛИЗАЦИИ",,,,
2,Мини Розанчик с творогом,САХАРНАЯ ПУДРА,,,,кг,"0,003",,"0,003",,"0,003",,"0,003",,,,,
3,Мини Розанчик с творогом,МУКА ПШЕНИЧНАЯ 1C,,,,кг,"0,003",,"0,003",,"0,003",,"0,000",,,,,
4,Мини Розанчик с творогом,"МАСЛО РАСТИТЕЛЬНОЕ (РАФ) 4,5л",,,,шт,"0,002",,"0,009",,"0,009",,"0,000",,,,,
5,Мини Розанчик с творогом,Начинка творожная для розан с загустителем п/ф 1 кг,,,,кг,"0,030",,"0,030",,"0,030",,"0,030",,,,,
6,Мини Розанчик с творогом,Меланж (битое яйцо 10 шт),,,,кг,"0,003",,"0,003",,"0,003",,"0,003",,,,,
7,Мини Розанчик с творогом,"МАСЛО РАСТИТЕЛЬНОЕ (РАФ) 4,5л",,,,шт,"0,002",,"0,009",,"0,009",,"0,009",,,,,
8,Мини Розанчик с творогом,Пакеты отрывные (500шт),,,,шт,"1,000",,"0,000",,"0,000",,"0,000",,,,,
ИТОГО,,,,,,,,,,,,,,,,,,
вес готового блюда (изделия) в расчете на,,,,,,,,,,"1,000 порц",,,,,,,,
,,,,,,,,,,,,,,,,,"0,0750",кг
,,,,,,,,,,,,,,,,,,
,,,,,,,,,,,,,,,,,,
,,,,,,,,,,,,,,,,,,
,Система автоматизации ресторанов iikoRMS,,,,,,,,,,,,,,,,,
,,,,,,,,,,,,,,,,,,
Мини Улитка с маком,,,,,,,,,,,,,,,,,,
Технологическая карта № 19104197568923629637,,,,,,,,,,,,Название на чеке:,,,,,,
,,,,,,,,,,,,Мини Улитка с маком,,,,,,
 19.04.2022,,,,,,,,,,,,,,,,,,
Область применения:,,,,,Любимая пекарня,,,,,,,,,,,,,
Хранение:,,,,,,,,,,,,,,,,,,
Срок Хранения:,,,,,,,,,,,,,,,,,,
Органолептические показатели:,,,,,,,,,,,,,,,,,,
,,,,,,,,,,,,,,,,,,
1,Мини Улитка с маком,Тесто Сдобное п/ф,,,,кг,"0,040",,"0,040",,"0,040",,"0,033","
ТРЕБОВАНИЯ К ОФОРМЛЕНИЮ, ПОДАЧЕ И РЕАЛИЗАЦИИ",,,,
2,Мини Улитка с маком,"НАЧИНКА МАКОВАЯ (готовая) 12,5",,,,кг,"0,007",,"0,007",,"0,007",,"0,007",,,,,
3,Мини Улитка с маком,Меланж (битое яйцо 10 шт),,,,кг,"0,002",,"0,002",,"0,002",,"0,000",,,,,
4,Мини Улитка с маком,"МАСЛО РАСТИТЕЛЬНОЕ (РАФ) 4,5л",,,,шт,"0,000",,"0,002",,"0,002",,"0,000",,,,,
5,Мини Улитка с маком,Сироп для пропитки,,,,кг,"0,002",,"0,002",,"0,002",,"0,002",,,,,
6,Мини Улитка с маком,Пакеты отрывные (500шт),,,,шт,"1,000",,"0,000",,"0,000",,"0,000",,,,,
ИТОГО,,,,,,,,,,,,,,,,,,
вес готового блюда (изделия) в расчете на,,,,,,,,,,"1,000 порц",,,,,,,,
,,,,,,,,,,,,,,,,,"0,0416",кг
,,,,,,,,,,,,,,,,,,
,,,,,,,,,,,,,,,,,,
,,,,,,,,,,,,,,,,,,
,Система автоматизации ресторанов iikoRMS,,,,,,,,,,,,,,,,,